Detected Rocky Linux or RHEL-based system
Last metadata expiration check: 0:04:20 ago on Fri 13 Mar 2026 07:04:52 PM UTC.
Dependencies resolved.
================================================================================
 Package               Architecture    Version            Repository       Size
================================================================================
Installing:
 epel-release          noarch          9-10.el9           extras           19 k

Transaction Summary
================================================================================
Install  1 Package

Total download size: 19 k
Installed size: 26 k
Downloading Packages:
epel-release-9-10.el9.noarch.rpm                 53 kB/s |  19 kB     00:00    
--------------------------------------------------------------------------------
Total                                           4.3 kB/s |  19 kB     00:04     
Running transaction check
Waiting for process with pid 4404 to finish.
Transaction check succeeded.
Running transaction test
Transaction test succeeded.
Running transaction
  Preparing        :                                                        1/1 
  Installing       : epel-release-9-10.el9.noarch                           1/1 
  Running scriptlet: epel-release-9-10.el9.noarch                           1/1 
Many EPEL packages require the CodeReady Builder (CRB) repository.
It is recommended that you run /usr/bin/crb enable to enable the CRB repository.

  Verifying        : epel-release-9-10.el9.noarch                           1/1 

Installed:
  epel-release-9-10.el9.noarch                                                  

Complete!
Extra Packages for Enterprise Linux 9 - x86_64  2.0 MB/s |  20 MB     00:09    
Extra Packages for Enterprise Linux 9 openh264  651  B/s | 2.5 kB     00:03    
Last metadata expiration check: 0:00:01 ago on Fri 13 Mar 2026 07:13:55 PM UTC.
Package xfsprogs-6.4.0-7.el9.x86_64 is already installed.
Package util-linux-2.37.4-21.el9_7.x86_64 is already installed.
Dependencies resolved.
============================================================================================
 Package                        Arch    Version                             Repo        Size
============================================================================================
Installing:
 autoconf                       noarch  2.69-41.el9                         appstream  665 k
 bison                          x86_64  3.7.4-5.el9                         appstream  921 k
 bzip2                          x86_64  1.0.8-10.el9_5                      baseos      51 k
 flex                           x86_64  2.6.4-9.el9                         appstream  308 k
 gcc                            x86_64  11.5.0-11.el9                       appstream   32 M
 gcc-c++                        x86_64  11.5.0-11.el9                       appstream   13 M
 make                           x86_64  1:4.3-8.el9                         baseos     529 k
 mesa-demos                     x86_64  8.4.0-12.20210504git0f9e7d9.el9.0.1 appstream  3.7 M
 openssl-devel                  x86_64  1:3.5.1-7.el9_7                     appstream  3.4 M
 perl                           x86_64  4:5.32.1-481.1.el9_6                appstream   11 k
 phoronix-test-suite            noarch  10.8.4-2.el9                        epel       3.6 M
 unzip                          x86_64  6.0-59.el9                          baseos     180 k
Installing dependencies:
 annobin                        x86_64  12.98-1.el9                         appstream  1.1 M
 cpp                            x86_64  11.5.0-11.el9                       appstream   11 M
 dejavu-sans-fonts              noarch  2.37-18.el9                         baseos     1.3 M
 dwz                            x86_64  0.16-1.el9                          appstream  133 k
 efi-srpm-macros                noarch  6-4.el9                             appstream   21 k
 emacs-filesystem               noarch  1:27.2-18.el9                       appstream  8.2 k
 fontconfig                     x86_64  2.14.0-2.el9_1                      appstream  274 k
 fonts-srpm-macros              noarch  1:2.0.5-7.el9.1                     appstream   27 k
 freeglut                       x86_64  3.2.1-10.el9                        appstream  190 k
 freetype                       x86_64  2.10.4-10.el9_5                     baseos     386 k
 gcc-plugin-annobin             x86_64  11.5.0-11.el9                       appstream   37 k
 gd                             x86_64  2.3.2-3.el9                         appstream  131 k
 ghc-srpm-macros                noarch  1.5.0-6.el9                         appstream  7.8 k
 glibc-devel                    x86_64  2.34-231.el9_7.10                   appstream   34 k
 glibc-headers                  x86_64  2.34-231.el9_7.10                   appstream  440 k
 go-srpm-macros                 noarch  3.6.0-13.el9_7                      appstream   27 k
 graphite2                      x86_64  1.3.14-9.el9                        baseos      94 k
 harfbuzz                       x86_64  2.7.4-10.el9                        baseos     623 k
 hicolor-icon-theme             noarch  0.17-13.el9                         appstream   66 k
 jbigkit-libs                   x86_64  2.1-23.el9                          appstream   52 k
 kernel-headers                 x86_64  5.14.0-611.36.1.el9_7               appstream  2.7 M
 kernel-srpm-macros             noarch  1.0-14.el9                          appstream   14 k
 langpacks-core-font-en         noarch  3.0-16.el9                          appstream  9.5 k
 libX11                         x86_64  1.7.0-11.el9                        appstream  645 k
 libX11-common                  noarch  1.7.0-11.el9                        appstream  151 k
 libX11-xcb                     x86_64  1.7.0-11.el9                        appstream   10 k
 libXau                         x86_64  1.0.9-8.el9                         appstream   30 k
 libXext                        x86_64  1.3.4-8.el9                         appstream   39 k
 libXi                          x86_64  1.7.10-8.el9                        appstream   39 k
 libXpm                         x86_64  3.5.13-10.el9                       appstream   58 k
 libXxf86vm                     x86_64  1.1.4-18.el9                        appstream   18 k
 libdatrie                      x86_64  0.2.13-4.el9                        appstream   32 k
 libdrm                         x86_64  2.4.123-2.el9                       appstream  158 k
 libglvnd                       x86_64  1:1.3.4-1.el9                       appstream  133 k
 libglvnd-egl                   x86_64  1:1.3.4-1.el9                       appstream   36 k
 libglvnd-gles                  x86_64  1:1.3.4-1.el9                       appstream   31 k
 libglvnd-glx                   x86_64  1:1.3.4-1.el9                       appstream  140 k
 libmpc                         x86_64  1.2.1-4.el9                         appstream   61 k
 libpciaccess                   x86_64  0.16-7.el9                          baseos      26 k
 libpkgconf                     x86_64  1.7.3-10.el9                        baseos      35 k
 libstdc++-devel                x86_64  11.5.0-11.el9                       appstream  2.2 M
 libthai                        x86_64  0.1.28-8.el9                        appstream  208 k
 libtiff                        x86_64  4.4.0-15.el9_7.2.0.1                appstream  196 k
 libwayland-client              x86_64  1.21.0-1.el9                        appstream   33 k
 libwayland-egl                 x86_64  1.21.0-1.el9                        appstream   12 k
 libwayland-server              x86_64  1.21.0-1.el9                        appstream   41 k
 libwebp                        x86_64  1.2.0-8.el9                         appstream  276 k
 libxcb                         x86_64  1.13.1-9.el9                        appstream  224 k
 libxcrypt-devel                x86_64  4.4.18-3.el9                        appstream   28 k
 libxshmfence                   x86_64  1.3-10.el9                          appstream   12 k
 libxslt                        x86_64  1.1.34-13.el9_6                     appstream  239 k
 llvm-filesystem                x86_64  20.1.8-3.el9                        appstream  9.2 k
 llvm-libs                      x86_64  20.1.8-3.el9                        appstream   30 M
 lua-srpm-macros                noarch  1-6.el9                             appstream  8.5 k
 m4                             x86_64  1.4.19-1.el9                        appstream  294 k
 mesa-dri-drivers               x86_64  25.0.7-5.el9_7                      appstream  9.7 M
 mesa-filesystem                x86_64  25.0.7-5.el9_7                      appstream   11 k
 mesa-libEGL                    x86_64  25.0.7-5.el9_7                      appstream  136 k
 mesa-libGL                     x86_64  25.0.7-5.el9_7                      appstream  155 k
 mesa-libGLU                    x86_64  9.0.1-6.el9                         appstream  146 k
 mesa-libgbm                    x86_64  25.0.7-5.el9_7                      appstream   16 k
 ocaml-srpm-macros              noarch  6-6.el9                             appstream  7.8 k
 openblas-srpm-macros           noarch  2-11.el9                            appstream  7.3 k
 perl-Algorithm-Diff            noarch  1.2010-4.el9.0.1                    appstream   47 k
 perl-Archive-Tar               noarch  2.38-6.el9.0.1                      appstream   71 k
 perl-Archive-Zip               noarch  1.68-6.el9                          appstream  106 k
 perl-Attribute-Handlers        noarch  1.01-481.1.el9_6                    appstream   26 k
 perl-AutoLoader                noarch  5.74-481.1.el9_6                    appstream   20 k
 perl-AutoSplit                 noarch  5.74-481.1.el9_6                    appstream   20 k
 perl-B                         x86_64  1.80-481.1.el9_6                    appstream  178 k
 perl-Benchmark                 noarch  1.23-481.1.el9_6                    appstream   25 k
 perl-CPAN                      noarch  2.29-5.el9_6                        appstream  556 k
 perl-CPAN-Meta                 noarch  2.150010-460.el9.0.1                appstream  202 k
 perl-CPAN-Meta-Requirements    noarch  2.140-461.el9.0.1                   appstream   31 k
 perl-CPAN-Meta-YAML            noarch  0.018-461.el9                       appstream   26 k
 perl-Carp                      noarch  1.50-460.el9.0.1                    appstream   29 k
 perl-Class-Struct              noarch  0.66-481.1.el9_6                    appstream   21 k
 perl-Compress-Bzip2            x86_64  2.28-5.el9                          appstream   69 k
 perl-Compress-Raw-Bzip2        x86_64  2.101-5.el9                         appstream   34 k
 perl-Compress-Raw-Lzma         x86_64  2.101-3.el9                         appstream   50 k
 perl-Compress-Raw-Zlib         x86_64  2.101-5.el9                         appstream   60 k
 perl-Config-Extensions         noarch  0.03-481.1.el9_6                    appstream   11 k
 perl-Config-Perl-V             noarch  0.33-4.el9                          appstream   21 k
 perl-DBM_Filter                noarch  0.06-481.1.el9_6                    appstream   30 k
 perl-DB_File                   x86_64  1.855-4.el9                         appstream   81 k
 perl-Data-Dumper               x86_64  2.174-462.el9                       appstream   55 k
 perl-Data-OptList              noarch  0.110-17.el9.0.1                    appstream   26 k
 perl-Data-Section              noarch  0.200007-14.el9.0.1                 appstream   25 k
 perl-Devel-PPPort              x86_64  3.62-4.el9                          appstream  211 k
 perl-Devel-Peek                x86_64  1.28-481.1.el9_6                    appstream   31 k
 perl-Devel-SelfStubber         noarch  1.06-481.1.el9_6                    appstream   13 k
 perl-Devel-Size                x86_64  0.83-10.el9                         appstream   31 k
 perl-Digest                    noarch  1.19-4.el9.0.1                      appstream   25 k
 perl-Digest-MD5                x86_64  2.58-4.el9                          appstream   36 k
 perl-Digest-SHA                x86_64  1:6.02-461.el9                      appstream   61 k
 perl-Digest-SHA1               x86_64  2.13-34.el9                         appstream   52 k
 perl-DirHandle                 noarch  1.05-481.1.el9_6                    appstream   11 k
 perl-Dumpvalue                 noarch  2.27-481.1.el9_6                    appstream   17 k
 perl-DynaLoader                x86_64  1.47-481.1.el9_6                    appstream   24 k
 perl-Encode                    x86_64  4:3.08-462.el9                      appstream  1.7 M
 perl-Encode-devel              x86_64  4:3.08-462.el9                      appstream   41 k
 perl-English                   noarch  1.11-481.1.el9_6                    appstream   12 k
 perl-Env                       noarch  1.04-460.el9.0.1                    appstream   19 k
 perl-Errno                     x86_64  1.30-481.1.el9_6                    appstream   13 k
 perl-Exporter                  noarch  5.74-461.el9                        appstream   31 k
 perl-ExtUtils-CBuilder         noarch  1:0.280236-4.el9.0.1                appstream   52 k
 perl-ExtUtils-Command          noarch  2:7.60-3.el9.0.1                    appstream   14 k
 perl-ExtUtils-Constant         noarch  0.25-481.1.el9_6                    appstream   45 k
 perl-ExtUtils-Embed            noarch  1.35-481.1.el9_6                    appstream   16 k
 perl-ExtUtils-Install          noarch  2.20-4.el9.0.1                      appstream   44 k
 perl-ExtUtils-MM-Utils         noarch  2:7.60-3.el9.0.1                    appstream   12 k
 perl-ExtUtils-MakeMaker        noarch  2:7.60-3.el9.0.1                    appstream  303 k
 perl-ExtUtils-Manifest         noarch  1:1.73-4.el9.0.1                    appstream   34 k
 perl-ExtUtils-Miniperl         noarch  1.09-481.1.el9_6                    appstream   14 k
 perl-ExtUtils-ParseXS          noarch  1:3.40-460.el9                      appstream  182 k
 perl-Fcntl                     x86_64  1.13-481.1.el9_6                    appstream   19 k
 perl-File-Basename             noarch  2.85-481.1.el9_6                    appstream   16 k
 perl-File-Compare              noarch  1.100.600-481.1.el9_6               appstream   12 k
 perl-File-Copy                 noarch  2.34-481.1.el9_6                    appstream   19 k
 perl-File-DosGlob              x86_64  1.12-481.1.el9_6                    appstream   18 k
 perl-File-Fetch                noarch  1.00-4.el9                          appstream   30 k
 perl-File-Find                 noarch  1.37-481.1.el9_6                    appstream   24 k
 perl-File-HomeDir              noarch  1.006-4.el9                         appstream   57 k
 perl-File-Path                 noarch  2.18-4.el9                          appstream   35 k
 perl-File-Temp                 noarch  1:0.231.100-4.el9                   appstream   59 k
 perl-File-Which                noarch  1.23-10.el9                         appstream   21 k
 perl-File-stat                 noarch  1.09-481.1.el9_6                    appstream   16 k
 perl-FileCache                 noarch  1.10-481.1.el9_6                    appstream   13 k
 perl-FileHandle                noarch  2.03-481.1.el9_6                    appstream   14 k
 perl-Filter                    x86_64  2:1.60-4.el9                        appstream   81 k
 perl-Filter-Simple             noarch  0.96-460.el9                        appstream   27 k
 perl-FindBin                   noarch  1.51-481.1.el9_6                    appstream   13 k
 perl-GDBM_File                 x86_64  1.18-481.1.el9_6                    appstream   21 k
 perl-Getopt-Long               noarch  1:2.52-4.el9                        appstream   60 k
 perl-Getopt-Std                noarch  1.12-481.1.el9_6                    appstream   14 k
 perl-HTTP-Tiny                 noarch  0.076-462.el9                       appstream   53 k
 perl-Hash-Util                 x86_64  0.23-481.1.el9_6                    appstream   33 k
 perl-Hash-Util-FieldHash       x86_64  1.20-481.1.el9_6                    appstream   36 k
 perl-I18N-Collate              noarch  1.02-481.1.el9_6                    appstream   13 k
 perl-I18N-LangTags             noarch  0.44-481.1.el9_6                    appstream   53 k
 perl-I18N-Langinfo             x86_64  0.19-481.1.el9_6                    appstream   21 k
 perl-IO                        x86_64  1.43-481.1.el9_6                    appstream   85 k
 perl-IO-Compress               noarch  2.102-4.el9                         appstream  256 k
 perl-IO-Compress-Lzma          noarch  2.101-4.el9.0.1                     appstream   80 k
 perl-IO-Socket-IP              noarch  0.41-5.el9                          appstream   42 k
 perl-IO-Socket-SSL             noarch  2.073-2.el9                         appstream  214 k
 perl-IO-Zlib                   noarch  1:1.11-4.el9.0.1                    appstream   19 k
 perl-IPC-Cmd                   noarch  2:1.04-461.el9                      appstream   39 k
 perl-IPC-Open3                 noarch  1.21-481.1.el9_6                    appstream   21 k
 perl-IPC-SysV                  x86_64  2.09-4.el9                          appstream   42 k
 perl-IPC-System-Simple         noarch  1.30-6.el9                          appstream   40 k
 perl-Importer                  noarch  0.026-4.el9                         appstream   39 k
 perl-JSON-PP                   noarch  1:4.06-4.el9                        appstream   65 k
 perl-Locale-Maketext           noarch  1.29-461.el9                        appstream   94 k
 perl-Locale-Maketext-Simple    noarch  1:0.21-481.1.el9_6                  appstream   16 k
 perl-MIME-Base64               x86_64  3.16-4.el9                          appstream   30 k
 perl-MIME-Charset              noarch  1.012.2-15.el9.0.1                  appstream   48 k
 perl-MRO-Compat                noarch  0.13-15.el9.0.1                     appstream   19 k
 perl-Math-BigInt               noarch  1:1.9998.18-460.el9                 appstream  188 k
 perl-Math-BigInt-FastCalc      x86_64  0.500.900-460.el9                   appstream   27 k
 perl-Math-BigRat               noarch  0.2614-460.el9                      appstream   38 k
 perl-Math-Complex              noarch  1.59-481.1.el9_6                    appstream   45 k
 perl-Memoize                   noarch  1.03-481.1.el9_6                    appstream   55 k
 perl-Module-Build              noarch  2:0.42.31-9.el9                     appstream  255 k
 perl-Module-CoreList           noarch  1:5.20240609-1.el9                  appstream   87 k
 perl-Module-CoreList-tools     noarch  1:5.20240609-1.el9                  appstream   16 k
 perl-Module-Load               noarch  1:0.36-4.el9                        appstream   17 k
 perl-Module-Load-Conditional   noarch  0.74-4.el9.0.1                      appstream   22 k
 perl-Module-Loaded             noarch  1:0.08-481.1.el9_6                  appstream   12 k
 perl-Module-Metadata           noarch  1.000037-460.el9                    appstream   35 k
 perl-Module-Signature          noarch  0.88-1.el9.0.1                      appstream   83 k
 perl-Mozilla-CA                noarch  20200520-6.el9                      appstream   12 k
 perl-NDBM_File                 x86_64  1.15-481.1.el9_6                    appstream   21 k
 perl-NEXT                      noarch  0.67-481.1.el9_6                    appstream   20 k
 perl-Net                       noarch  1.02-481.1.el9_6                    appstream   24 k
 perl-Net-Ping                  noarch  2.74-5.el9.0.1                      appstream   49 k
 perl-Net-SSLeay                x86_64  1.94-3.el9                          appstream  391 k
 perl-ODBM_File                 x86_64  1.16-481.1.el9_6                    appstream   21 k
 perl-Object-HashBase           noarch  0.009-7.el9                         appstream   25 k
 perl-Opcode                    x86_64  1.48-481.1.el9_6                    appstream   35 k
 perl-POSIX                     x86_64  1.94-481.1.el9_6                    appstream   95 k
 perl-Package-Generator         noarch  1.106-23.el9                        appstream   23 k
 perl-Params-Check              noarch  1:0.38-461.el9.0.1                  appstream   22 k
 perl-Params-Util               x86_64  1.102-5.el9                         appstream   33 k
 perl-PathTools                 x86_64  3.78-461.el9                        appstream   85 k
 perl-Perl-OSType               noarch  1.010-461.el9.0.1                   appstream   23 k
 perl-PerlIO-via-QuotedPrint    noarch  0.09-4.el9                          appstream   22 k
 perl-Pod-Checker               noarch  4:1.74-4.el9                        appstream   32 k
 perl-Pod-Escapes               noarch  1:1.07-460.el9.0.1                  appstream   20 k
 perl-Pod-Functions             noarch  1.13-481.1.el9_6                    appstream   12 k
 perl-Pod-Html                  noarch  1.25-481.1.el9_6                    appstream   25 k
 perl-Pod-Perldoc               noarch  3.28.01-461.el9                     appstream   83 k
 perl-Pod-Simple                noarch  1:3.42-4.el9                        appstream  215 k
 perl-Pod-Usage                 noarch  4:2.01-4.el9                        appstream   40 k
 perl-Safe                      noarch  2.41-481.1.el9_6                    appstream   24 k
 perl-Scalar-List-Utils         x86_64  4:1.56-462.el9                      appstream   70 k
 perl-Search-Dict               noarch  1.07-481.1.el9_6                    appstream   12 k
 perl-SelectSaver               noarch  1.02-481.1.el9_6                    appstream   10 k
 perl-SelfLoader                noarch  1.26-481.1.el9_6                    appstream   20 k
 perl-Socket                    x86_64  4:2.031-4.el9                       appstream   54 k
 perl-Software-License          noarch  0.103014-12.el9.0.1                 appstream  143 k
 perl-Storable                  x86_64  1:3.21-460.el9                      appstream   95 k
 perl-Sub-Exporter              noarch  0.987-27.el9.0.1                    appstream   75 k
 perl-Sub-Install               noarch  0.928-28.el9.0.1                    appstream   22 k
 perl-Symbol                    noarch  1.08-481.1.el9_6                    appstream   13 k
 perl-Sys-Hostname              x86_64  1.23-481.1.el9_6                    appstream   15 k
 perl-Sys-Syslog                x86_64  0.36-461.el9                        appstream   47 k
 perl-Term-ANSIColor            noarch  5.01-461.el9.0.1                    appstream   48 k
 perl-Term-Cap                  noarch  1.17-460.el9.0.1                    appstream   22 k
 perl-Term-Complete             noarch  1.403-481.1.el9_6                   appstream   12 k
 perl-Term-ReadLine             noarch  1.17-481.1.el9_6                    appstream   18 k
 perl-Term-Size-Perl            x86_64  0.031-12.el9                        appstream   21 k
 perl-Term-Table                noarch  0.015-8.el9.0.1                     appstream   35 k
 perl-Test                      noarch  1.31-481.1.el9_6                    appstream   27 k
 perl-Test-Harness              noarch  1:3.42-461.el9                      appstream  267 k
 perl-Test-Simple               noarch  3:1.302183-4.el9                    appstream  525 k
 perl-Text-Abbrev               noarch  1.02-481.1.el9_6                    appstream   11 k
 perl-Text-Balanced             noarch  2.04-4.el9                          appstream   48 k
 perl-Text-Diff                 noarch  1.45-13.el9                         appstream   41 k
 perl-Text-Glob                 noarch  0.11-15.el9                         appstream   13 k
 perl-Text-ParseWords           noarch  3.30-460.el9                        appstream   16 k
 perl-Text-Tabs+Wrap            noarch  2013.0523-460.el9.0.1               appstream   23 k
 perl-Text-Template             noarch  1.59-5.el9.0.1                      appstream   60 k
 perl-Thread                    noarch  3.05-481.1.el9_6                    appstream   17 k
 perl-Thread-Queue              noarch  3.14-460.el9.0.1                    appstream   21 k
 perl-Thread-Semaphore          noarch  2.13-481.1.el9_6                    appstream   14 k
 perl-Tie                       noarch  4.6-481.1.el9_6                     appstream   30 k
 perl-Tie-File                  noarch  1.06-481.1.el9_6                    appstream   42 k
 perl-Tie-Memoize               noarch  1.1-481.1.el9_6                     appstream   13 k
 perl-Tie-RefHash               noarch  1.40-4.el9.0.1                      appstream   23 k
 perl-Time                      noarch  1.03-481.1.el9_6                    appstream   17 k
 perl-Time-HiRes                x86_64  4:1.9764-462.el9                    appstream   57 k
 perl-Time-Local                noarch  2:1.300-7.el9                       appstream   33 k
 perl-Time-Piece                x86_64  1.3401-481.1.el9_6                  appstream   39 k
 perl-URI                       noarch  5.09-3.el9.0.1                      appstream  124 k
 perl-Unicode-Collate           x86_64  1.29-4.el9                          appstream  732 k
 perl-Unicode-Normalize         x86_64  1.27-461.el9                        appstream   91 k
 perl-Unicode-UCD               noarch  0.75-481.1.el9_6                    appstream   77 k
 perl-User-pwent                noarch  1.03-481.1.el9_6                    appstream   19 k
 perl-autodie                   noarch  2.34-4.el9.0.1                      appstream   94 k
 perl-autouse                   noarch  1.11-481.1.el9_6                    appstream   12 k
 perl-base                      noarch  2.27-481.1.el9_6                    appstream   15 k
 perl-bignum                    noarch  0.51-460.el9                        appstream   42 k
 perl-blib                      noarch  1.07-481.1.el9_6                    appstream   11 k
 perl-constant                  noarch  1.33-461.el9.0.1                    appstream   23 k
 perl-debugger                  noarch  1.56-481.1.el9_6                    appstream  132 k
 perl-deprecate                 noarch  0.04-481.1.el9_6                    appstream   13 k
 perl-devel                     x86_64  4:5.32.1-481.1.el9_6                appstream  659 k
 perl-diagnostics               noarch  1.37-481.1.el9_6                    appstream  209 k
 perl-doc                       noarch  5.32.1-481.1.el9_6                  appstream  4.5 M
 perl-encoding                  x86_64  4:3.00-462.el9                      appstream   62 k
 perl-encoding-warnings         noarch  0.13-481.1.el9_6                    appstream   15 k
 perl-experimental              noarch  0.022-6.el9                         appstream   21 k
 perl-fields                    noarch  2.27-481.1.el9_6                    appstream   15 k
 perl-filetest                  noarch  1.03-481.1.el9_6                    appstream   13 k
 perl-if                        noarch  0.60.800-481.1.el9_6                appstream   13 k
 perl-inc-latest                noarch  2:0.500-20.el9                      appstream   24 k
 perl-interpreter               x86_64  4:5.32.1-481.1.el9_6                appstream   69 k
 perl-less                      noarch  0.03-481.1.el9_6                    appstream   12 k
 perl-lib                       x86_64  0.65-481.1.el9_6                    appstream   13 k
 perl-libnet                    noarch  3.13-4.el9                          appstream  125 k
 perl-libnetcfg                 noarch  4:5.32.1-481.1.el9_6                appstream   15 k
 perl-libs                      x86_64  4:5.32.1-481.1.el9_6                appstream  2.0 M
 perl-local-lib                 noarch  2.000024-13.el9                     appstream   67 k
 perl-locale                    noarch  1.09-481.1.el9_6                    appstream   12 k
 perl-macros                    noarch  4:5.32.1-481.1.el9_6                appstream  9.3 k
 perl-meta-notation             noarch  5.32.1-481.1.el9_6                  appstream  8.3 k
 perl-mro                       x86_64  1.23-481.1.el9_6                    appstream   27 k
 perl-open                      noarch  1.12-481.1.el9_6                    appstream   15 k
 perl-overload                  noarch  1.31-481.1.el9_6                    appstream   44 k
 perl-overloading               noarch  0.02-481.1.el9_6                    appstream   11 k
 perl-parent                    noarch  1:0.238-460.el9                     appstream   14 k
 perl-perlfaq                   noarch  5.20210520-1.el9                    appstream  372 k
 perl-ph                        x86_64  5.32.1-481.1.el9_6                  appstream   41 k
 perl-podlators                 noarch  1:4.14-460.el9.0.1                  appstream  117 k
 perl-sigtrap                   noarch  1.09-481.1.el9_6                    appstream   14 k
 perl-sort                      noarch  2.04-481.1.el9_6                    appstream   12 k
 perl-srpm-macros               noarch  1-41.el9                            appstream  8.2 k
 perl-subs                      noarch  1.03-481.1.el9_6                    appstream   10 k
 perl-threads                   x86_64  1:2.25-460.el9                      appstream   57 k
 perl-threads-shared            x86_64  1.61-460.el9.0.1                    appstream   44 k
 perl-utils                     noarch  5.32.1-481.1.el9_6                  appstream   54 k
 perl-vars                      noarch  1.05-481.1.el9_6                    appstream   12 k
 perl-version                   x86_64  7:0.99.28-4.el9                     appstream   62 k
 perl-vmsish                    noarch  1.04-481.1.el9_6                    appstream   13 k
 php-cli                        x86_64  8.0.30-5.el9_7                      appstream  3.1 M
 php-common                     x86_64  8.0.30-5.el9_7                      appstream  667 k
 php-gd                         x86_64  8.0.30-5.el9_7                      appstream   40 k
 php-pdo                        x86_64  8.0.30-5.el9_7                      appstream   82 k
 php-process                    x86_64  8.0.30-5.el9_7                      appstream   41 k
 php-xml                        x86_64  8.0.30-5.el9_7                      appstream  133 k
 pkgconf                        x86_64  1.7.3-10.el9                        baseos      40 k
 pkgconf-m4                     noarch  1.7.3-10.el9                        baseos      14 k
 pkgconf-pkg-config             x86_64  1.7.3-10.el9                        baseos      10 k
 pyproject-srpm-macros          noarch  1.16.2-1.el9                        appstream   13 k
 python-srpm-macros             noarch  3.9-54.el9                          appstream   17 k
 python3-pyparsing              noarch  2.4.7-9.el9.0.1                     baseos     150 k
 qt5-srpm-macros                noarch  5.15.9-1.el9                        appstream  7.9 k
 redhat-rpm-config              noarch  210-1.el9                           appstream   64 k
 rust-srpm-macros               noarch  17-4.el9                            appstream  9.3 k
 sombok                         x86_64  2.4.0-16.el9                        appstream   47 k
 spirv-tools-libs               x86_64  2025.2-1.el9                        appstream  1.5 M
 systemtap-sdt-devel            x86_64  5.3-3.el9.0.1                       appstream   68 k
 systemtap-sdt-dtrace           x86_64  5.3-3.el9.0.1                       appstream   68 k
 xml-common                     noarch  0.6.3-58.el9                        appstream   31 k
 zip                            x86_64  3.0-35.el9                          baseos     263 k
Installing weak dependencies:
 perl-CPAN-DistnameInfo         noarch  0.12-23.el9.0.1                     appstream   14 k
 perl-Encode-Locale             noarch  1.05-21.el9                         appstream   19 k
 perl-Term-Size-Any             noarch  0.002-35.el9.0.1                    appstream   13 k
 perl-TermReadKey               x86_64  2.38-11.el9                         appstream   36 k
 perl-Unicode-LineBreak         x86_64  2019.001-11.el9                     appstream  120 k

Transaction Summary
============================================================================================
Install  323 Packages

Total download size: 150 M
Installed size: 509 M
Downloading Packages:
(1/323): bzip2-1.0.8-10.el9_5.x86_64.rpm        233 kB/s |  51 kB     00:00    
(2/323): dejavu-sans-fonts-2.37-18.el9.noarch.r 3.8 MB/s | 1.3 MB     00:00    
(3/323): freetype-2.10.4-10.el9_5.x86_64.rpm    2.4 MB/s | 386 kB     00:00    
(4/323): graphite2-1.3.14-9.el9.x86_64.rpm      904 kB/s |  94 kB     00:00    
(5/323): harfbuzz-2.7.4-10.el9.x86_64.rpm       5.3 MB/s | 623 kB     00:00    
(6/323): libpciaccess-0.16-7.el9.x86_64.rpm     377 kB/s |  26 kB     00:00    
(7/323): phoronix-test-suite-10.8.4-2.el9.noarc 6.2 MB/s | 3.6 MB     00:00    
(8/323): libpkgconf-1.7.3-10.el9.x86_64.rpm     402 kB/s |  35 kB     00:00    
(9/323): make-4.3-8.el9.x86_64.rpm              5.6 MB/s | 529 kB     00:00    
(10/323): pkgconf-m4-1.7.3-10.el9.noarch.rpm    207 kB/s |  14 kB     00:00    
(11/323): pkgconf-1.7.3-10.el9.x86_64.rpm       555 kB/s |  40 kB     00:00    
(12/323): pkgconf-pkg-config-1.7.3-10.el9.x86_6 150 kB/s |  10 kB     00:00    
(13/323): unzip-6.0-59.el9.x86_64.rpm           2.4 MB/s | 180 kB     00:00    
(14/323): python3-pyparsing-2.4.7-9.el9.0.1.noa 1.8 MB/s | 150 kB     00:00    
(15/323): zip-3.0-35.el9.x86_64.rpm             3.2 MB/s | 263 kB     00:00    
(16/323): autoconf-2.69-41.el9.noarch.rpm       1.0 MB/s | 665 kB     00:00    
(17/323): annobin-12.98-1.el9.x86_64.rpm        1.6 MB/s | 1.1 MB     00:00    
(18/323): bison-3.7.4-5.el9.x86_64.rpm          1.2 MB/s | 921 kB     00:00    
(19/323): efi-srpm-macros-6-4.el9.noarch.rpm    204 kB/s |  21 kB     00:00    
(20/323): emacs-filesystem-27.2-18.el9.noarch.r  88 kB/s | 8.2 kB     00:00    
(21/323): dwz-0.16-1.el9.x86_64.rpm             333 kB/s | 133 kB     00:00    
(22/323): flex-2.6.4-9.el9.x86_64.rpm           1.3 MB/s | 308 kB     00:00    
(23/323): fontconfig-2.14.0-2.el9_1.x86_64.rpm  1.7 MB/s | 274 kB     00:00    
(24/323): cpp-11.5.0-11.el9.x86_64.rpm           16 MB/s |  11 MB     00:00    
(25/323): fonts-srpm-macros-2.0.5-7.el9.1.noarc 234 kB/s |  27 kB     00:00    
(26/323): freeglut-3.2.1-10.el9.x86_64.rpm      974 kB/s | 190 kB     00:00    
(27/323): gcc-plugin-annobin-11.5.0-11.el9.x86_ 387 kB/s |  37 kB     00:00    
(28/323): gd-2.3.2-3.el9.x86_64.rpm             1.0 MB/s | 131 kB     00:00    
(29/323): ghc-srpm-macros-1.5.0-6.el9.noarch.rp  74 kB/s | 7.8 kB     00:00    
(30/323): glibc-devel-2.34-231.el9_7.10.x86_64. 311 kB/s |  34 kB     00:00    
(31/323): glibc-headers-2.34-231.el9_7.10.x86_6 2.9 MB/s | 440 kB     00:00    
(32/323): go-srpm-macros-3.6.0-13.el9_7.noarch. 235 kB/s |  27 kB     00:00    
(33/323): gcc-c++-11.5.0-11.el9.x86_64.rpm       13 MB/s |  13 MB     00:00    
(34/323): hicolor-icon-theme-0.17-13.el9.noarch 490 kB/s |  66 kB     00:00    
(35/323): jbigkit-libs-2.1-23.el9.x86_64.rpm    423 kB/s |  52 kB     00:00    
(36/323): kernel-srpm-macros-1.0-14.el9.noarch. 133 kB/s |  14 kB     00:00    
(37/323): kernel-headers-5.14.0-611.36.1.el9_7. 9.2 MB/s | 2.7 MB     00:00    
(38/323): langpacks-core-font-en-3.0-16.el9.noa  85 kB/s | 9.5 kB     00:00    
(39/323): libX11-1.7.0-11.el9.x86_64.rpm        5.1 MB/s | 645 kB     00:00    
(40/323): libX11-common-1.7.0-11.el9.noarch.rpm 1.6 MB/s | 151 kB     00:00    
(41/323): libX11-xcb-1.7.0-11.el9.x86_64.rpm     95 kB/s |  10 kB     00:00    
(42/323): libXau-1.0.9-8.el9.x86_64.rpm         269 kB/s |  30 kB     00:00    
(43/323): libXext-1.3.4-8.el9.x86_64.rpm        421 kB/s |  39 kB     00:00    
(44/323): libXi-1.7.10-8.el9.x86_64.rpm         313 kB/s |  39 kB     00:00    
(45/323): libXpm-3.5.13-10.el9.x86_64.rpm       541 kB/s |  58 kB     00:00    
(46/323): gcc-11.5.0-11.el9.x86_64.rpm           17 MB/s |  32 MB     00:01    
(47/323): libXxf86vm-1.1.4-18.el9.x86_64.rpm     76 kB/s |  18 kB     00:00    
(48/323): libdatrie-0.2.13-4.el9.x86_64.rpm     178 kB/s |  32 kB     00:00    
(49/323): libglvnd-1.3.4-1.el9.x86_64.rpm       976 kB/s | 133 kB     00:00    
(50/323): libglvnd-egl-1.3.4-1.el9.x86_64.rpm   252 kB/s |  36 kB     00:00    
(51/323): libdrm-2.4.123-2.el9.x86_64.rpm       1.0 MB/s | 158 kB     00:00    
(52/323): libmpc-1.2.1-4.el9.x86_64.rpm         598 kB/s |  61 kB     00:00    
(53/323): libglvnd-gles-1.3.4-1.el9.x86_64.rpm  270 kB/s |  31 kB     00:00    
(54/323): libglvnd-glx-1.3.4-1.el9.x86_64.rpm   1.2 MB/s | 140 kB     00:00    
(55/323): libthai-0.1.28-8.el9.x86_64.rpm       2.0 MB/s | 208 kB     00:00    
(56/323): libtiff-4.4.0-15.el9_7.2.0.1.x86_64.r 1.7 MB/s | 196 kB     00:00    
(57/323): libstdc++-devel-11.5.0-11.el9.x86_64.  13 MB/s | 2.2 MB     00:00    
(58/323): libwayland-client-1.21.0-1.el9.x86_64 347 kB/s |  33 kB     00:00    
(59/323): libwayland-egl-1.21.0-1.el9.x86_64.rp 125 kB/s |  12 kB     00:00    
(60/323): libwayland-server-1.21.0-1.el9.x86_64 408 kB/s |  41 kB     00:00    
(61/323): libwebp-1.2.0-8.el9.x86_64.rpm        2.3 MB/s | 276 kB     00:00    
(62/323): libxcb-1.13.1-9.el9.x86_64.rpm        1.7 MB/s | 224 kB     00:00    
(63/323): libxcrypt-devel-4.4.18-3.el9.x86_64.r 300 kB/s |  28 kB     00:00    
(64/323): libxshmfence-1.3-10.el9.x86_64.rpm    125 kB/s |  12 kB     00:00    
(65/323): llvm-filesystem-20.1.8-3.el9.x86_64.r  88 kB/s | 9.2 kB     00:00    
(66/323): libxslt-1.1.34-13.el9_6.x86_64.rpm    1.2 MB/s | 239 kB     00:00    
(67/323): lua-srpm-macros-1-6.el9.noarch.rpm     79 kB/s | 8.5 kB     00:00    
(68/323): m4-1.4.19-1.el9.x86_64.rpm            1.8 MB/s | 294 kB     00:00    
(69/323): mesa-demos-8.4.0-12.20210504git0f9e7d 7.8 MB/s | 3.7 MB     00:00    
[MIRROR] mesa-filesystem-25.0.7-5.el9_7.x86_64.rpm: Status code: 404 for https://rocky-linux-southamerica-west1.production.gcp.mirrors.ctrliq.cloud/pub/rocky//9.7/AppStream/x86_64/os/Packages/m/mesa-filesystem-25.0.7-5.el9_7.x86_64.rpm (IP: 34.102.142.33)
(70/323): mesa-dri-drivers-25.0.7-5.el9_7.x86_6  17 MB/s | 9.7 MB     00:00    
(71/323): mesa-filesystem-25.0.7-5.el9_7.x86_64  49 kB/s |  11 kB     00:00    
[MIRROR] mesa-libGL-25.0.7-5.el9_7.x86_64.rpm: Status code: 404 for https://rocky-linux-southamerica-west1.production.gcp.mirrors.ctrliq.cloud/pub/rocky//9.7/AppStream/x86_64/os/Packages/m/mesa-libGL-25.0.7-5.el9_7.x86_64.rpm (IP: 34.102.142.33)
(72/323): mesa-libGL-25.0.7-5.el9_7.x86_64.rpm  528 kB/s | 155 kB     00:00    
[MIRROR] mesa-libEGL-25.0.7-5.el9_7.x86_64.rpm: Status code: 404 for https://rocky-linux-southamerica-west1.production.gcp.mirrors.ctrliq.cloud/pub/rocky//9.7/AppStream/x86_64/os/Packages/m/mesa-libEGL-25.0.7-5.el9_7.x86_64.rpm (IP: 34.102.142.33)
(73/323): mesa-libGLU-9.0.1-6.el9.x86_64.rpm    1.3 MB/s | 146 kB     00:00    
(74/323): mesa-libgbm-25.0.7-5.el9_7.x86_64.rpm 306 kB/s |  16 kB     00:00    
(75/323): ocaml-srpm-macros-6-6.el9.noarch.rpm  143 kB/s | 7.8 kB     00:00    
(76/323): openblas-srpm-macros-2-11.el9.noarch. 134 kB/s | 7.3 kB     00:00    
(77/323): mesa-libEGL-25.0.7-5.el9_7.x86_64.rpm 202 kB/s | 136 kB     00:00    
(78/323): perl-5.32.1-481.1.el9_6.x86_64.rpm    196 kB/s |  11 kB     00:00    
(79/323): perl-Algorithm-Diff-1.2010-4.el9.0.1. 833 kB/s |  47 kB     00:00    
(80/323): openssl-devel-3.5.1-7.el9_7.x86_64.rp  13 MB/s | 3.4 MB     00:00    
(81/323): perl-Archive-Tar-2.38-6.el9.0.1.noarc 1.2 MB/s |  71 kB     00:00    
(82/323): llvm-libs-20.1.8-3.el9.x86_64.rpm      16 MB/s |  30 MB     00:01    
(83/323): perl-Attribute-Handlers-1.01-481.1.el 142 kB/s |  26 kB     00:00    
(84/323): perl-Archive-Zip-1.68-6.el9.noarch.rp 539 kB/s | 106 kB     00:00    
(85/323): perl-AutoSplit-5.74-481.1.el9_6.noarc 350 kB/s |  20 kB     00:00    
(86/323): perl-B-1.80-481.1.el9_6.x86_64.rpm    2.8 MB/s | 178 kB     00:00    
(87/323): perl-Benchmark-1.23-481.1.el9_6.noarc 412 kB/s |  25 kB     00:00    
(88/323): perl-CPAN-2.29-5.el9_6.noarch.rpm     7.7 MB/s | 556 kB     00:00    
(89/323): perl-AutoLoader-5.74-481.1.el9_6.noar 115 kB/s |  20 kB     00:00    
(90/323): perl-CPAN-DistnameInfo-0.12-23.el9.0. 251 kB/s |  14 kB     00:00    
(91/323): perl-CPAN-Meta-2.150010-460.el9.0.1.n 3.0 MB/s | 202 kB     00:00    
(92/323): perl-CPAN-Meta-Requirements-2.140-461 548 kB/s |  31 kB     00:00    
(93/323): perl-CPAN-Meta-YAML-0.018-461.el9.noa 474 kB/s |  26 kB     00:00    
(94/323): perl-Carp-1.50-460.el9.0.1.noarch.rpm 507 kB/s |  29 kB     00:00    
(95/323): perl-Class-Struct-0.66-481.1.el9_6.no 388 kB/s |  21 kB     00:00    
(96/323): perl-Compress-Bzip2-2.28-5.el9.x86_64 1.2 MB/s |  69 kB     00:00    
(97/323): perl-Compress-Raw-Bzip2-2.101-5.el9.x 599 kB/s |  34 kB     00:00    
(98/323): perl-Compress-Raw-Lzma-2.101-3.el9.x8 828 kB/s |  50 kB     00:00    
(99/323): perl-Compress-Raw-Zlib-2.101-5.el9.x8 1.0 MB/s |  60 kB     00:00    
(100/323): perl-Config-Extensions-0.03-481.1.el 196 kB/s |  11 kB     00:00    
(101/323): perl-Config-Perl-V-0.33-4.el9.noarch 371 kB/s |  21 kB     00:00    
(102/323): perl-DBM_Filter-0.06-481.1.el9_6.noa 539 kB/s |  30 kB     00:00    
(103/323): perl-DB_File-1.855-4.el9.x86_64.rpm  1.3 MB/s |  81 kB     00:00    
(104/323): perl-Data-Dumper-2.174-462.el9.x86_6 929 kB/s |  55 kB     00:00    
(105/323): perl-Data-OptList-0.110-17.el9.0.1.n 464 kB/s |  26 kB     00:00    
(106/323): perl-Data-Section-0.200007-14.el9.0. 422 kB/s |  25 kB     00:00    
(107/323): perl-Devel-Peek-1.28-481.1.el9_6.x86 539 kB/s |  31 kB     00:00    
(108/323): perl-Devel-SelfStubber-1.06-481.1.el 245 kB/s |  13 kB     00:00    
(109/323): perl-Devel-PPPort-3.62-4.el9.x86_64. 1.9 MB/s | 211 kB     00:00    
(110/323): perl-Devel-Size-0.83-10.el9.x86_64.r 561 kB/s |  31 kB     00:00    
(111/323): perl-Digest-1.19-4.el9.0.1.noarch.rp 436 kB/s |  25 kB     00:00    
(112/323): perl-Digest-MD5-2.58-4.el9.x86_64.rp 682 kB/s |  36 kB     00:00    
(113/323): perl-Digest-SHA-6.02-461.el9.x86_64. 1.1 MB/s |  61 kB     00:00    
(114/323): perl-Digest-SHA1-2.13-34.el9.x86_64. 944 kB/s |  52 kB     00:00    
(115/323): perl-DirHandle-1.05-481.1.el9_6.noar 181 kB/s |  11 kB     00:00    
(116/323): perl-Dumpvalue-2.27-481.1.el9_6.noar 290 kB/s |  17 kB     00:00    
(117/323): perl-DynaLoader-1.47-481.1.el9_6.x86 421 kB/s |  24 kB     00:00    
(118/323): perl-Encode-Locale-1.05-21.el9.noarc 341 kB/s |  19 kB     00:00    
(119/323): perl-Encode-devel-3.08-462.el9.x86_6 661 kB/s |  41 kB     00:00    
(120/323): perl-English-1.11-481.1.el9_6.noarch 217 kB/s |  12 kB     00:00    
(121/323): perl-Env-1.04-460.el9.0.1.noarch.rpm 311 kB/s |  19 kB     00:00    
(122/323): perl-Encode-3.08-462.el9.x86_64.rpm  9.3 MB/s | 1.7 MB     00:00    
(123/323): perl-Errno-1.30-481.1.el9_6.x86_64.r 220 kB/s |  13 kB     00:00    
(124/323): perl-Exporter-5.74-461.el9.noarch.rp 488 kB/s |  31 kB     00:00    
(125/323): perl-ExtUtils-CBuilder-0.280236-4.el 965 kB/s |  52 kB     00:00    
(126/323): perl-ExtUtils-Command-7.60-3.el9.0.1 273 kB/s |  14 kB     00:00    
(127/323): perl-ExtUtils-Constant-0.25-481.1.el 743 kB/s |  45 kB     00:00    
(128/323): perl-ExtUtils-Embed-1.35-481.1.el9_6 265 kB/s |  16 kB     00:00    
(129/323): perl-ExtUtils-Install-2.20-4.el9.0.1 702 kB/s |  44 kB     00:00    
(130/323): perl-ExtUtils-MM-Utils-7.60-3.el9.0. 210 kB/s |  12 kB     00:00    
(131/323): perl-ExtUtils-Manifest-1.73-4.el9.0. 607 kB/s |  34 kB     00:00    
(132/323): perl-ExtUtils-Miniperl-1.09-481.1.el 256 kB/s |  14 kB     00:00    
(133/323): perl-ExtUtils-MakeMaker-7.60-3.el9.0 2.7 MB/s | 303 kB     00:00    
(134/323): perl-ExtUtils-ParseXS-3.40-460.el9.n 2.8 MB/s | 182 kB     00:00    
(135/323): perl-Fcntl-1.13-481.1.el9_6.x86_64.r 341 kB/s |  19 kB     00:00    
(136/323): perl-File-Basename-2.85-481.1.el9_6. 286 kB/s |  16 kB     00:00    
(137/323): perl-File-Compare-1.100.600-481.1.el 220 kB/s |  12 kB     00:00    
(138/323): perl-File-Copy-2.34-481.1.el9_6.noar 339 kB/s |  19 kB     00:00    
(139/323): perl-File-DosGlob-1.12-481.1.el9_6.x 314 kB/s |  18 kB     00:00    
(140/323): perl-File-Fetch-1.00-4.el9.noarch.rp 569 kB/s |  30 kB     00:00    
(141/323): perl-File-Find-1.37-481.1.el9_6.noar 423 kB/s |  24 kB     00:00    
(142/323): perl-File-HomeDir-1.006-4.el9.noarch 944 kB/s |  57 kB     00:00    
(143/323): perl-File-Path-2.18-4.el9.noarch.rpm 627 kB/s |  35 kB     00:00    
(144/323): perl-File-Temp-0.231.100-4.el9.noarc 1.0 MB/s |  59 kB     00:00    
(145/323): perl-File-Which-1.23-10.el9.noarch.r 402 kB/s |  21 kB     00:00    
(146/323): perl-File-stat-1.09-481.1.el9_6.noar 275 kB/s |  16 kB     00:00    
(147/323): perl-FileCache-1.10-481.1.el9_6.noar 243 kB/s |  13 kB     00:00    
(148/323): perl-FileHandle-2.03-481.1.el9_6.noa 261 kB/s |  14 kB     00:00    
(149/323): perl-Filter-1.60-4.el9.x86_64.rpm    1.3 MB/s |  81 kB     00:00    
(150/323): perl-Filter-Simple-0.96-460.el9.noar 504 kB/s |  27 kB     00:00    
(151/323): perl-FindBin-1.51-481.1.el9_6.noarch 233 kB/s |  13 kB     00:00    
(152/323): perl-GDBM_File-1.18-481.1.el9_6.x86_ 371 kB/s |  21 kB     00:00    
(153/323): perl-Getopt-Long-2.52-4.el9.noarch.r 989 kB/s |  60 kB     00:00    
(154/323): perl-Getopt-Std-1.12-481.1.el9_6.noa 236 kB/s |  14 kB     00:00    
(155/323): perl-HTTP-Tiny-0.076-462.el9.noarch. 909 kB/s |  53 kB     00:00    
(156/323): perl-Hash-Util-0.23-481.1.el9_6.x86_ 593 kB/s |  33 kB     00:00    
(157/323): perl-Hash-Util-FieldHash-1.20-481.1. 644 kB/s |  36 kB     00:00    
(158/323): perl-I18N-Collate-1.02-481.1.el9_6.n 232 kB/s |  13 kB     00:00    
(159/323): perl-I18N-LangTags-0.44-481.1.el9_6. 936 kB/s |  53 kB     00:00    
(160/323): perl-I18N-Langinfo-0.19-481.1.el9_6. 356 kB/s |  21 kB     00:00    
(161/323): perl-IO-1.43-481.1.el9_6.x86_64.rpm  1.2 MB/s |  85 kB     00:00    
(162/323): perl-IO-Compress-2.102-4.el9.noarch. 4.0 MB/s | 256 kB     00:00    
(163/323): perl-IO-Compress-Lzma-2.101-4.el9.0. 1.3 MB/s |  80 kB     00:00    
(164/323): perl-IO-Socket-IP-0.41-5.el9.noarch. 747 kB/s |  42 kB     00:00    
(165/323): perl-IO-Socket-SSL-2.073-2.el9.noarc 3.4 MB/s | 214 kB     00:00    
(166/323): perl-IO-Zlib-1.11-4.el9.0.1.noarch.r 311 kB/s |  19 kB     00:00    
(167/323): perl-IPC-Cmd-1.04-461.el9.noarch.rpm 660 kB/s |  39 kB     00:00    
(168/323): perl-IPC-Open3-1.21-481.1.el9_6.noar 389 kB/s |  21 kB     00:00    
(169/323): perl-IPC-SysV-2.09-4.el9.x86_64.rpm  729 kB/s |  42 kB     00:00    
(170/323): perl-IPC-System-Simple-1.30-6.el9.no 718 kB/s |  40 kB     00:00    
(171/323): perl-Importer-0.026-4.el9.noarch.rpm 690 kB/s |  39 kB     00:00    
(172/323): perl-JSON-PP-4.06-4.el9.noarch.rpm   1.1 MB/s |  65 kB     00:00    
(173/323): perl-Locale-Maketext-1.29-461.el9.no 1.6 MB/s |  94 kB     00:00    
(174/323): perl-Locale-Maketext-Simple-0.21-481 295 kB/s |  16 kB     00:00    
(175/323): perl-MIME-Base64-3.16-4.el9.x86_64.r 543 kB/s |  30 kB     00:00    
(176/323): perl-MIME-Charset-1.012.2-15.el9.0.1 881 kB/s |  48 kB     00:00    
(177/323): perl-MRO-Compat-0.13-15.el9.0.1.noar 355 kB/s |  19 kB     00:00    
(178/323): perl-Math-BigInt-1.9998.18-460.el9.n 3.0 MB/s | 188 kB     00:00    
(179/323): perl-Math-BigInt-FastCalc-0.500.900- 490 kB/s |  27 kB     00:00    
(180/323): perl-Math-BigRat-0.2614-460.el9.noar 692 kB/s |  38 kB     00:00    
(181/323): perl-Math-Complex-1.59-481.1.el9_6.n 796 kB/s |  45 kB     00:00    
(182/323): perl-Memoize-1.03-481.1.el9_6.noarch 925 kB/s |  55 kB     00:00    
(183/323): perl-Module-Build-0.42.31-9.el9.noar 4.0 MB/s | 255 kB     00:00    
(184/323): perl-Module-CoreList-5.20240609-1.el 1.5 MB/s |  87 kB     00:00    
(185/323): perl-Module-CoreList-tools-5.2024060 289 kB/s |  16 kB     00:00    
(186/323): perl-Module-Load-0.36-4.el9.noarch.r 305 kB/s |  17 kB     00:00    
(187/323): perl-Module-Load-Conditional-0.74-4. 382 kB/s |  22 kB     00:00    
(188/323): perl-Module-Loaded-0.08-481.1.el9_6. 216 kB/s |  12 kB     00:00    
(189/323): perl-Module-Metadata-1.000037-460.el 590 kB/s |  35 kB     00:00    
(190/323): perl-Module-Signature-0.88-1.el9.0.1 1.4 MB/s |  83 kB     00:00    
(191/323): perl-Mozilla-CA-20200520-6.el9.noarc 206 kB/s |  12 kB     00:00    
(192/323): perl-NDBM_File-1.15-481.1.el9_6.x86_ 371 kB/s |  21 kB     00:00    
(193/323): perl-NEXT-0.67-481.1.el9_6.noarch.rp 339 kB/s |  20 kB     00:00    
(194/323): perl-Net-1.02-481.1.el9_6.noarch.rpm 406 kB/s |  24 kB     00:00    
(195/323): perl-Net-Ping-2.74-5.el9.0.1.noarch. 876 kB/s |  49 kB     00:00    
(196/323): perl-Net-SSLeay-1.94-3.el9.x86_64.rp 5.8 MB/s | 391 kB     00:00    
(197/323): perl-ODBM_File-1.16-481.1.el9_6.x86_ 320 kB/s |  21 kB     00:00    
(198/323): perl-Object-HashBase-0.009-7.el9.noa 402 kB/s |  25 kB     00:00    
(199/323): perl-Opcode-1.48-481.1.el9_6.x86_64. 605 kB/s |  35 kB     00:00    
(200/323): perl-POSIX-1.94-481.1.el9_6.x86_64.r 1.6 MB/s |  95 kB     00:00    
(201/323): perl-Package-Generator-1.106-23.el9. 426 kB/s |  23 kB     00:00    
(202/323): perl-Params-Check-0.38-461.el9.0.1.n 399 kB/s |  22 kB     00:00    
(203/323): perl-Params-Util-1.102-5.el9.x86_64. 597 kB/s |  33 kB     00:00    
(204/323): perl-PathTools-3.78-461.el9.x86_64.r 1.4 MB/s |  85 kB     00:00    
(205/323): perl-Perl-OSType-1.010-461.el9.0.1.n 412 kB/s |  23 kB     00:00    
(206/323): perl-PerlIO-via-QuotedPrint-0.09-4.e 390 kB/s |  22 kB     00:00    
(207/323): perl-Pod-Checker-1.74-4.el9.noarch.r 553 kB/s |  32 kB     00:00    
(208/323): perl-Pod-Escapes-1.07-460.el9.0.1.no 341 kB/s |  20 kB     00:00    
(209/323): perl-Pod-Functions-1.13-481.1.el9_6. 214 kB/s |  12 kB     00:00    
(210/323): perl-Pod-Html-1.25-481.1.el9_6.noarc 436 kB/s |  25 kB     00:00    
(211/323): perl-Pod-Perldoc-3.28.01-461.el9.noa 1.4 MB/s |  83 kB     00:00    
(212/323): perl-Pod-Simple-3.42-4.el9.noarch.rp 3.3 MB/s | 215 kB     00:00    
(213/323): perl-Pod-Usage-2.01-4.el9.noarch.rpm 725 kB/s |  40 kB     00:00    
(214/323): perl-Safe-2.41-481.1.el9_6.noarch.rp 437 kB/s |  24 kB     00:00    
(215/323): perl-Scalar-List-Utils-1.56-462.el9. 1.2 MB/s |  70 kB     00:00    
(216/323): perl-Search-Dict-1.07-481.1.el9_6.no 216 kB/s |  12 kB     00:00    
(217/323): perl-SelectSaver-1.02-481.1.el9_6.no 180 kB/s |  10 kB     00:00    
(218/323): perl-SelfLoader-1.26-481.1.el9_6.noa 369 kB/s |  20 kB     00:00    
(219/323): perl-Socket-2.031-4.el9.x86_64.rpm   926 kB/s |  54 kB     00:00    
(220/323): perl-Software-License-0.103014-12.el 2.3 MB/s | 143 kB     00:00    
(221/323): perl-Storable-3.21-460.el9.x86_64.rp 1.6 MB/s |  95 kB     00:00    
(222/323): perl-Sub-Exporter-0.987-27.el9.0.1.n 1.2 MB/s |  75 kB     00:00    
(223/323): perl-Sub-Install-0.928-28.el9.0.1.no 408 kB/s |  22 kB     00:00    
(224/323): perl-Symbol-1.08-481.1.el9_6.noarch. 226 kB/s |  13 kB     00:00    
(225/323): perl-Sys-Hostname-1.23-481.1.el9_6.x 289 kB/s |  15 kB     00:00    
(226/323): perl-Sys-Syslog-0.36-461.el9.x86_64. 857 kB/s |  47 kB     00:00    
(227/323): perl-Term-ANSIColor-5.01-461.el9.0.1 835 kB/s |  48 kB     00:00    
(228/323): perl-Term-Cap-1.17-460.el9.0.1.noarc 394 kB/s |  22 kB     00:00    
(229/323): perl-Term-Complete-1.403-481.1.el9_6 202 kB/s |  12 kB     00:00    
(230/323): perl-Term-ReadLine-1.17-481.1.el9_6. 328 kB/s |  18 kB     00:00    
(231/323): perl-Term-Size-Any-0.002-35.el9.0.1. 236 kB/s |  13 kB     00:00    
(232/323): perl-Term-Size-Perl-0.031-12.el9.x86 376 kB/s |  21 kB     00:00    
(233/323): perl-Term-Table-0.015-8.el9.0.1.noar 636 kB/s |  35 kB     00:00    
(234/323): perl-TermReadKey-2.38-11.el9.x86_64. 632 kB/s |  36 kB     00:00    
(235/323): perl-Test-1.31-481.1.el9_6.noarch.rp 480 kB/s |  27 kB     00:00    
(236/323): perl-Test-Harness-3.42-461.el9.noarc 4.3 MB/s | 267 kB     00:00    
(237/323): perl-Test-Simple-1.302183-4.el9.noar 7.1 MB/s | 525 kB     00:00    
(238/323): perl-Text-Abbrev-1.02-481.1.el9_6.no 194 kB/s |  11 kB     00:00    
(239/323): perl-Text-Balanced-2.04-4.el9.noarch 881 kB/s |  48 kB     00:00    
(240/323): perl-Text-Diff-1.45-13.el9.noarch.rp 729 kB/s |  41 kB     00:00    
(241/323): perl-Text-Glob-0.11-15.el9.noarch.rp 247 kB/s |  13 kB     00:00    
(242/323): perl-Text-ParseWords-3.30-460.el9.no 294 kB/s |  16 kB     00:00    
(243/323): perl-Text-Tabs+Wrap-2013.0523-460.el 407 kB/s |  23 kB     00:00    
(244/323): perl-Text-Template-1.59-5.el9.0.1.no 1.0 MB/s |  60 kB     00:00    
(245/323): perl-Thread-3.05-481.1.el9_6.noarch. 299 kB/s |  17 kB     00:00    
(246/323): perl-Thread-Queue-3.14-460.el9.0.1.n 374 kB/s |  21 kB     00:00    
(247/323): perl-Thread-Semaphore-2.13-481.1.el9 252 kB/s |  14 kB     00:00    
(248/323): perl-Tie-4.6-481.1.el9_6.noarch.rpm  517 kB/s |  30 kB     00:00    
(249/323): perl-Tie-File-1.06-481.1.el9_6.noarc 745 kB/s |  42 kB     00:00    
(250/323): perl-Tie-Memoize-1.1-481.1.el9_6.noa 235 kB/s |  13 kB     00:00    
(251/323): perl-Tie-RefHash-1.40-4.el9.0.1.noar 389 kB/s |  23 kB     00:00    
(252/323): perl-Time-1.03-481.1.el9_6.noarch.rp 316 kB/s |  17 kB     00:00    
(253/323): perl-Time-HiRes-1.9764-462.el9.x86_6 985 kB/s |  57 kB     00:00    
(254/323): perl-Time-Local-1.300-7.el9.noarch.r 627 kB/s |  33 kB     00:00    
(255/323): perl-Time-Piece-1.3401-481.1.el9_6.x 668 kB/s |  39 kB     00:00    
(256/323): perl-URI-5.09-3.el9.0.1.noarch.rpm   2.0 MB/s | 124 kB     00:00    
(257/323): perl-Unicode-Collate-1.29-4.el9.x86_  10 MB/s | 732 kB     00:00    
(258/323): perl-Unicode-LineBreak-2019.001-11.e 1.9 MB/s | 120 kB     00:00    
(259/323): perl-Unicode-Normalize-1.27-461.el9. 1.5 MB/s |  91 kB     00:00    
(260/323): perl-Unicode-UCD-0.75-481.1.el9_6.no 1.3 MB/s |  77 kB     00:00    
(261/323): perl-User-pwent-1.03-481.1.el9_6.noa 345 kB/s |  19 kB     00:00    
(262/323): perl-autodie-2.34-4.el9.0.1.noarch.r 1.6 MB/s |  94 kB     00:00    
(263/323): perl-autouse-1.11-481.1.el9_6.noarch 235 kB/s |  12 kB     00:00    
(264/323): perl-base-2.27-481.1.el9_6.noarch.rp 273 kB/s |  15 kB     00:00    
(265/323): perl-bignum-0.51-460.el9.noarch.rpm  714 kB/s |  42 kB     00:00    
(266/323): perl-blib-1.07-481.1.el9_6.noarch.rp 195 kB/s |  11 kB     00:00    
(267/323): perl-constant-1.33-461.el9.0.1.noarc 420 kB/s |  23 kB     00:00    
(268/323): perl-debugger-1.56-481.1.el9_6.noarc 2.1 MB/s | 132 kB     00:00    
(269/323): perl-deprecate-0.04-481.1.el9_6.noar 226 kB/s |  13 kB     00:00    
(270/323): perl-devel-5.32.1-481.1.el9_6.x86_64 7.7 MB/s | 659 kB     00:00    
(271/323): perl-diagnostics-1.37-481.1.el9_6.no 2.8 MB/s | 209 kB     00:00    
(272/323): perl-encoding-3.00-462.el9.x86_64.rp 904 kB/s |  62 kB     00:00    
(273/323): perl-encoding-warnings-0.13-481.1.el 218 kB/s |  15 kB     00:00    
(274/323): perl-doc-5.32.1-481.1.el9_6.noarch.r  22 MB/s | 4.5 MB     00:00    
(275/323): perl-fields-2.27-481.1.el9_6.noarch. 221 kB/s |  15 kB     00:00    
(276/323): perl-experimental-0.022-6.el9.noarch 275 kB/s |  21 kB     00:00    
(277/323): perl-filetest-1.03-481.1.el9_6.noarc  69 kB/s |  13 kB     00:00    
(278/323): perl-if-0.60.800-481.1.el9_6.noarch.  64 kB/s |  13 kB     00:00    
(279/323): perl-inc-latest-0.500-20.el9.noarch. 119 kB/s |  24 kB     00:00    
(280/323): perl-interpreter-5.32.1-481.1.el9_6. 1.2 MB/s |  69 kB     00:00    
(281/323): perl-less-0.03-481.1.el9_6.noarch.rp 217 kB/s |  12 kB     00:00    
(282/323): perl-lib-0.65-481.1.el9_6.x86_64.rpm 253 kB/s |  13 kB     00:00    
(283/323): perl-libnet-3.13-4.el9.noarch.rpm    2.0 MB/s | 125 kB     00:00    
(284/323): perl-libnetcfg-5.32.1-481.1.el9_6.no 244 kB/s |  15 kB     00:00    
(285/323): perl-libs-5.32.1-481.1.el9_6.x86_64.  21 MB/s | 2.0 MB     00:00    
(286/323): perl-local-lib-2.000024-13.el9.noarc 1.2 MB/s |  67 kB     00:00    
(287/323): perl-locale-1.09-481.1.el9_6.noarch. 217 kB/s |  12 kB     00:00    
(288/323): perl-macros-5.32.1-481.1.el9_6.noarc 177 kB/s | 9.3 kB     00:00    
(289/323): perl-meta-notation-5.32.1-481.1.el9_ 157 kB/s | 8.3 kB     00:00    
(290/323): perl-mro-1.23-481.1.el9_6.x86_64.rpm 485 kB/s |  27 kB     00:00    
(291/323): perl-open-1.12-481.1.el9_6.noarch.rp 273 kB/s |  15 kB     00:00    
(292/323): perl-overload-1.31-481.1.el9_6.noarc 830 kB/s |  44 kB     00:00    
(293/323): perl-overloading-0.02-481.1.el9_6.no 206 kB/s |  11 kB     00:00    
(294/323): perl-parent-0.238-460.el9.noarch.rpm 264 kB/s |  14 kB     00:00    
(295/323): perl-perlfaq-5.20210520-1.el9.noarch 5.6 MB/s | 372 kB     00:00    
(296/323): perl-ph-5.32.1-481.1.el9_6.x86_64.rp 680 kB/s |  41 kB     00:00    
(297/323): perl-podlators-4.14-460.el9.0.1.noar 1.8 MB/s | 117 kB     00:00    
(298/323): perl-sigtrap-1.09-481.1.el9_6.noarch 256 kB/s |  14 kB     00:00    
(299/323): perl-sort-2.04-481.1.el9_6.noarch.rp 212 kB/s |  12 kB     00:00    
(300/323): perl-srpm-macros-1-41.el9.noarch.rpm 152 kB/s | 8.2 kB     00:00    
(301/323): perl-subs-1.03-481.1.el9_6.noarch.rp 177 kB/s |  10 kB     00:00    
(302/323): perl-threads-2.25-460.el9.x86_64.rpm 974 kB/s |  57 kB     00:00    
(303/323): perl-threads-shared-1.61-460.el9.0.1 790 kB/s |  44 kB     00:00    
(304/323): perl-utils-5.32.1-481.1.el9_6.noarch 905 kB/s |  54 kB     00:00    
(305/323): perl-vars-1.05-481.1.el9_6.noarch.rp 200 kB/s |  12 kB     00:00    
(306/323): perl-version-0.99.28-4.el9.x86_64.rp 1.1 MB/s |  62 kB     00:00    
(307/323): perl-vmsish-1.04-481.1.el9_6.noarch. 158 kB/s |  13 kB     00:00    
(308/323): php-common-8.0.30-5.el9_7.x86_64.rpm 9.1 MB/s | 667 kB     00:00    
(309/323): php-gd-8.0.30-5.el9_7.x86_64.rpm     615 kB/s |  40 kB     00:00    
(310/323): php-pdo-8.0.30-5.el9_7.x86_64.rpm    1.4 MB/s |  82 kB     00:00    
(311/323): php-cli-8.0.30-5.el9_7.x86_64.rpm     16 MB/s | 3.1 MB     00:00    
(312/323): php-process-8.0.30-5.el9_7.x86_64.rp 674 kB/s |  41 kB     00:00    
(313/323): php-xml-8.0.30-5.el9_7.x86_64.rpm    2.1 MB/s | 133 kB     00:00    
(314/323): pyproject-srpm-macros-1.16.2-1.el9.n 245 kB/s |  13 kB     00:00    
(315/323): python-srpm-macros-3.9-54.el9.noarch 301 kB/s |  17 kB     00:00    
(316/323): qt5-srpm-macros-5.15.9-1.el9.noarch. 144 kB/s | 7.9 kB     00:00    
(317/323): redhat-rpm-config-210-1.el9.noarch.r 1.0 MB/s |  64 kB     00:00    
(318/323): rust-srpm-macros-17-4.el9.noarch.rpm 168 kB/s | 9.3 kB     00:00    
(319/323): sombok-2.4.0-16.el9.x86_64.rpm       826 kB/s |  47 kB     00:00    
(320/323): spirv-tools-libs-2025.2-1.el9.x86_64  18 MB/s | 1.5 MB     00:00    
(321/323): systemtap-sdt-devel-5.3-3.el9.0.1.x8 823 kB/s |  68 kB     00:00    
(322/323): systemtap-sdt-dtrace-5.3-3.el9.0.1.x 1.1 MB/s |  68 kB     00:00    
(323/323): xml-common-0.6.3-58.el9.noarch.rpm   544 kB/s |  31 kB     00:00    
--------------------------------------------------------------------------------
Total                                           6.6 MB/s | 150 MB     00:22     
Extra Packages for Enterprise Linux 9 - x86_64  1.6 MB/s | 1.6 kB     00:00    
Importing GPG key 0x3228467C:
 Userid     : "Fedora (epel9) <epel@fedoraproject.org>"
 Fingerprint: FF8A D134 4597 106E CE81 3B91 8A38 72BF 3228 467C
 From       : /etc/pki/rpm-gpg/RPM-GPG-KEY-EPEL-9
Key imported successfully
Running transaction check
Transaction check succeeded.
Running transaction test
Transaction test succeeded.
Running transaction
  Preparing        :                                                        1/1 
  Installing       : php-common-8.0.30-5.el9_7.x86_64                     1/323 
  Installing       : perl-Digest-1.19-4.el9.0.1.noarch                    2/323 
  Installing       : perl-Digest-MD5-2.58-4.el9.x86_64                    3/323 
  Installing       : perl-B-1.80-481.1.el9_6.x86_64                       4/323 
  Installing       : perl-FileHandle-2.03-481.1.el9_6.noarch              5/323 
  Installing       : perl-Data-Dumper-2.174-462.el9.x86_64                6/323 
  Installing       : perl-libnet-3.13-4.el9.noarch                        7/323 
  Installing       : perl-Class-Struct-0.66-481.1.el9_6.noarch            8/323 
  Installing       : perl-base-2.27-481.1.el9_6.noarch                    9/323 
  Installing       : perl-URI-5.09-3.el9.0.1.noarch                      10/323 
  Installing       : perl-AutoLoader-5.74-481.1.el9_6.noarch             11/323 
  Installing       : perl-POSIX-1.94-481.1.el9_6.x86_64                  12/323 
  Installing       : perl-Socket-4:2.031-4.el9.x86_64                    13/323 
  Installing       : perl-SelectSaver-1.02-481.1.el9_6.noarch            14/323 
  Installing       : perl-Term-ANSIColor-5.01-461.el9.0.1.noarch         15/323 
  Installing       : perl-Mozilla-CA-20200520-6.el9.noarch               16/323 
  Installing       : perl-if-0.60.800-481.1.el9_6.noarch                 17/323 
  Installing       : perl-mro-1.23-481.1.el9_6.x86_64                    18/323 
  Installing       : perl-IO-Socket-IP-0.41-5.el9.noarch                 19/323 
  Installing       : perl-File-stat-1.09-481.1.el9_6.noarch              20/323 
  Installing       : perl-overloading-0.02-481.1.el9_6.noarch            21/323 
  Installing       : perl-Time-Local-2:1.300-7.el9.noarch                22/323 
  Installing       : perl-subs-1.03-481.1.el9_6.noarch                   23/323 
  Installing       : perl-File-Path-2.18-4.el9.noarch                    24/323 
  Installing       : perl-Pod-Escapes-1:1.07-460.el9.0.1.noarch          25/323 
  Installing       : perl-Term-Cap-1.17-460.el9.0.1.noarch               26/323 
  Installing       : perl-Text-Tabs+Wrap-2013.0523-460.el9.0.1.noarch    27/323 
  Installing       : perl-Pod-Usage-4:2.01-4.el9.noarch                  28/323 
  Installing       : perl-IO-Socket-SSL-2.073-2.el9.noarch               29/323 
  Installing       : perl-Net-SSLeay-1.94-3.el9.x86_64                   30/323 
  Installing       : perl-Errno-1.30-481.1.el9_6.x86_64                  31/323 
  Installing       : perl-Fcntl-1.13-481.1.el9_6.x86_64                  32/323 
  Installing       : perl-File-Basename-2.85-481.1.el9_6.noarch          33/323 
  Installing       : perl-Getopt-Std-1.12-481.1.el9_6.noarch             34/323 
  Installing       : perl-MIME-Base64-3.16-4.el9.x86_64                  35/323 
  Installing       : perl-Scalar-List-Utils-4:1.56-462.el9.x86_64        36/323 
  Installing       : perl-Symbol-1.08-481.1.el9_6.noarch                 37/323 
  Installing       : perl-Text-ParseWords-3.30-460.el9.noarch            38/323 
  Installing       : perl-constant-1.33-461.el9.0.1.noarch               39/323 
  Installing       : perl-IPC-Open3-1.21-481.1.el9_6.noarch              40/323 
  Installing       : perl-Storable-1:3.21-460.el9.x86_64                 41/323 
  Installing       : perl-IO-1.43-481.1.el9_6.x86_64                     42/323 
  Installing       : perl-overload-1.31-481.1.el9_6.noarch               43/323 
  Installing       : perl-parent-1:0.238-460.el9.noarch                  44/323 
  Installing       : perl-File-Temp-1:0.231.100-4.el9.noarch             45/323 
  Installing       : perl-vars-1.05-481.1.el9_6.noarch                   46/323 
  Installing       : perl-Pod-Simple-1:3.42-4.el9.noarch                 47/323 
  Installing       : perl-Getopt-Long-1:2.52-4.el9.noarch                48/323 
  Installing       : perl-podlators-1:4.14-460.el9.0.1.noarch            49/323 
  Installing       : perl-HTTP-Tiny-0.076-462.el9.noarch                 50/323 
  Installing       : perl-Carp-1.50-460.el9.0.1.noarch                   51/323 
  Installing       : perl-Exporter-5.74-461.el9.noarch                   52/323 
  Installing       : perl-GDBM_File-1.18-481.1.el9_6.x86_64              53/323 
  Installing       : perl-NDBM_File-1.15-481.1.el9_6.x86_64              54/323 
  Installing       : perl-ODBM_File-1.16-481.1.el9_6.x86_64              55/323 
  Installing       : perl-DB_File-1.855-4.el9.x86_64                     56/323 
  Installing       : perl-PathTools-3.78-461.el9.x86_64                  57/323 
  Installing       : perl-Encode-4:3.08-462.el9.x86_64                   58/323 
  Installing       : perl-libs-4:5.32.1-481.1.el9_6.x86_64               59/323 
  Installing       : perl-Pod-Perldoc-3.28.01-461.el9.noarch             60/323 
  Installing       : perl-doc-5.32.1-481.1.el9_6.noarch                  61/323 
  Installing       : perl-interpreter-4:5.32.1-481.1.el9_6.x86_64        62/323 
  Installing       : perl-File-Find-1.37-481.1.el9_6.noarch              63/323 
  Installing       : perl-File-Copy-2.34-481.1.el9_6.noarch              64/323 
  Installing       : perl-DynaLoader-1.47-481.1.el9_6.x86_64             65/323 
  Installing       : perl-ExtUtils-Manifest-1:1.73-4.el9.0.1.noarch      66/323 
  Installing       : perl-File-Compare-1.100.600-481.1.el9_6.noarch      67/323 
  Installing       : perl-Time-HiRes-4:1.9764-462.el9.x86_64             68/323 
  Installing       : perl-ExtUtils-ParseXS-1:3.40-460.el9.noarch         69/323 
  Installing       : perl-Compress-Raw-Zlib-2.101-5.el9.x86_64           70/323 
  Installing       : perl-lib-0.65-481.1.el9_6.x86_64                    71/323 
  Installing       : perl-threads-1:2.25-460.el9.x86_64                  72/323 
  Installing       : perl-threads-shared-1.61-460.el9.0.1.x86_64         73/323 
  Installing       : m4-1.4.19-1.el9.x86_64                              74/323 
  Installing       : perl-Digest-SHA-1:6.02-461.el9.x86_64               75/323 
  Installing       : perl-Devel-Peek-1.28-481.1.el9_6.x86_64             76/323 
  Installing       : perl-Module-Load-1:0.36-4.el9.noarch                77/323 
  Installing       : perl-Perl-OSType-1.010-461.el9.0.1.noarch           78/323 
  Installing       : perl-Term-ReadLine-1.17-481.1.el9_6.noarch          79/323 
  Installing       : perl-Tie-4.6-481.1.el9_6.noarch                     80/323 
  Installing       : perl-Unicode-Normalize-1.27-461.el9.x86_64          81/323 
  Installing       : perl-locale-1.09-481.1.el9_6.noarch                 82/323 
  Installing       : perl-version-7:0.99.28-4.el9.x86_64                 83/323 
  Installing       : perl-CPAN-Meta-Requirements-2.140-461.el9.0.1.no    84/323 
  Installing       : perl-Module-CoreList-1:5.20240609-1.el9.noarch      85/323 
  Installing       : perl-Module-Metadata-1.000037-460.el9.noarch        86/323 
  Installing       : perl-meta-notation-5.32.1-481.1.el9_6.noarch        87/323 
  Installing       : libmpc-1.2.1-4.el9.x86_64                           88/323 
  Installing       : libglvnd-1:1.3.4-1.el9.x86_64                       89/323 
  Installing       : libX11-xcb-1.7.0-11.el9.x86_64                      90/323 
  Installing       : perl-Pod-Html-1.25-481.1.el9_6.noarch               91/323 
  Installing       : perl-Dumpvalue-2.27-481.1.el9_6.noarch              92/323 
  Installing       : perl-Net-Ping-2.74-5.el9.0.1.noarch                 93/323 
  Installing       : perl-TermReadKey-2.38-11.el9.x86_64                 94/323 
  Installing       : perl-ExtUtils-Command-2:7.60-3.el9.0.1.noarch       95/323 
  Installing       : perl-AutoSplit-5.74-481.1.el9_6.noarch              96/323 
  Installing       : perl-Benchmark-1.23-481.1.el9_6.noarch              97/323 
  Installing       : perl-Test-Harness-1:3.42-461.el9.noarch             98/323 
  Installing       : perl-CPAN-Meta-YAML-0.018-461.el9.noarch            99/323 
  Installing       : perl-Compress-Raw-Bzip2-2.101-5.el9.x86_64         100/323 
  Installing       : perl-IO-Compress-2.102-4.el9.noarch                101/323 
  Installing       : perl-IO-Zlib-1:1.11-4.el9.0.1.noarch               102/323 
  Installing       : perl-Devel-PPPort-3.62-4.el9.x86_64                103/323 
  Installing       : perl-DirHandle-1.05-481.1.el9_6.noarch             104/323 
  Installing       : perl-ExtUtils-Constant-0.25-481.1.el9_6.noarch     105/323 
  Installing       : perl-ExtUtils-MM-Utils-2:7.60-3.el9.0.1.noarch     106/323 
  Installing       : perl-Hash-Util-FieldHash-1.20-481.1.el9_6.x86_64   107/323 
  Installing       : perl-Hash-Util-0.23-481.1.el9_6.x86_64             108/323 
  Installing       : perl-I18N-LangTags-0.44-481.1.el9_6.noarch         109/323 
  Installing       : perl-Locale-Maketext-1.29-461.el9.noarch           110/323 
  Installing       : perl-Locale-Maketext-Simple-1:0.21-481.1.el9_6.n   111/323 
  Installing       : perl-Params-Check-1:0.38-461.el9.0.1.noarch        112/323 
  Installing       : perl-Module-Load-Conditional-0.74-4.el9.0.1.noar   113/323 
  Installing       : perl-IPC-Cmd-2:1.04-461.el9.noarch                 114/323 
  Installing       : perl-I18N-Langinfo-0.19-481.1.el9_6.x86_64         115/323 
  Installing       : perl-Math-Complex-1.59-481.1.el9_6.noarch          116/323 
  Installing       : perl-Math-BigInt-1:1.9998.18-460.el9.noarch        117/323 
  Installing       : perl-JSON-PP-1:4.06-4.el9.noarch                   118/323 
  Installing       : perl-CPAN-Meta-2.150010-460.el9.0.1.noarch         119/323 
  Installing       : perl-Math-BigRat-0.2614-460.el9.noarch             120/323 
  Installing       : perl-Opcode-1.48-481.1.el9_6.x86_64                121/323 
  Installing       : perl-Safe-2.41-481.1.el9_6.noarch                  122/323 
  Installing       : perl-Params-Util-1.102-5.el9.x86_64                123/323 
  Installing       : perl-SelfLoader-1.26-481.1.el9_6.noarch            124/323 
  Installing       : perl-Sub-Install-0.928-28.el9.0.1.noarch           125/323 
  Installing       : perl-Sys-Hostname-1.23-481.1.el9_6.x86_64          126/323 
  Installing       : perl-Text-Balanced-2.04-4.el9.noarch               127/323 
  Installing       : perl-Tie-RefHash-1.40-4.el9.0.1.noarch             128/323 
  Installing       : perl-User-pwent-1.03-481.1.el9_6.noarch            129/323 
  Installing       : perl-autouse-1.11-481.1.el9_6.noarch               130/323 
  Installing       : libwebp-1.2.0-8.el9.x86_64                         131/323 
  Installing       : libwayland-server-1.21.0-1.el9.x86_64              132/323 
  Installing       : libwayland-client-1.21.0-1.el9.x86_64              133/323 
  Installing       : make-1:4.3-8.el9.x86_64                            134/323 
  Installing       : dejavu-sans-fonts-2.37-18.el9.noarch               135/323 
  Installing       : langpacks-core-font-en-3.0-16.el9.noarch           136/323 
  Installing       : perl-Data-OptList-0.110-17.el9.0.1.noarch          137/323 
  Installing       : perl-Devel-SelfStubber-1.06-481.1.el9_6.noarch     138/323 
  Installing       : perl-bignum-0.51-460.el9.noarch                    139/323 
  Installing       : perl-Math-BigInt-FastCalc-0.500.900-460.el9.x86_   140/323 
  Installing       : perl-Encode-Locale-1.05-21.el9.noarch              141/323 
  Installing       : perl-File-Fetch-1.00-4.el9.noarch                  142/323 
  Installing       : perl-fields-2.27-481.1.el9_6.noarch                143/323 
  Installing       : perl-DBM_Filter-0.06-481.1.el9_6.noarch            144/323 
  Installing       : cpp-11.5.0-11.el9.x86_64                           145/323 
  Installing       : perl-debugger-1.56-481.1.el9_6.noarch              146/323 
  Installing       : perl-sigtrap-1.09-481.1.el9_6.noarch               147/323 
  Installing       : perl-Module-CoreList-tools-1:5.20240609-1.el9.no   148/323 
  Installing       : perl-experimental-0.022-6.el9.noarch               149/323 
  Installing       : perl-Unicode-Collate-1.29-4.el9.x86_64             150/323 
  Installing       : perl-Unicode-UCD-0.75-481.1.el9_6.noarch           151/323 
  Installing       : perl-Env-1.04-460.el9.0.1.noarch                   152/323 
  Installing       : perl-Thread-3.05-481.1.el9_6.noarch                153/323 
  Installing       : perl-Thread-Queue-3.14-460.el9.0.1.noarch          154/323 
  Installing       : perl-Thread-Semaphore-2.13-481.1.el9_6.noarch      155/323 
  Installing       : perl-Archive-Zip-1.68-6.el9.noarch                 156/323 
  Installing       : perl-Digest-SHA1-2.13-34.el9.x86_64                157/323 
  Installing       : kernel-srpm-macros-1.0-14.el9.noarch               158/323 
  Installing       : perl-Pod-Checker-4:1.74-4.el9.noarch               159/323 
  Installing       : perl-diagnostics-1.37-481.1.el9_6.noarch           160/323 
  Installing       : perl-macros-4:5.32.1-481.1.el9_6.noarch            161/323 
  Installing       : perl-utils-5.32.1-481.1.el9_6.noarch               162/323 
  Installing       : perl-Algorithm-Diff-1.2010-4.el9.0.1.noarch        163/323 
  Installing       : perl-Text-Diff-1.45-13.el9.noarch                  164/323 
  Installing       : perl-Module-Signature-0.88-1.el9.0.1.noarch        165/323 
  Installing       : perl-Attribute-Handlers-1.01-481.1.el9_6.noarch    166/323 
  Installing       : perl-CPAN-DistnameInfo-0.12-23.el9.0.1.noarch      167/323 
  Installing       : perl-Compress-Bzip2-2.28-5.el9.x86_64              168/323 
  Installing       : perl-Compress-Raw-Lzma-2.101-3.el9.x86_64          169/323 
  Installing       : perl-IO-Compress-Lzma-2.101-4.el9.0.1.noarch       170/323 
  Installing       : perl-Archive-Tar-2.38-6.el9.0.1.noarch             171/323 
  Installing       : perl-Config-Extensions-0.03-481.1.el9_6.noarch     172/323 
  Installing       : perl-Config-Perl-V-0.33-4.el9.noarch               173/323 
  Installing       : perl-Devel-Size-0.83-10.el9.x86_64                 174/323 
  Installing       : perl-English-1.11-481.1.el9_6.noarch               175/323 
  Installing       : perl-File-DosGlob-1.12-481.1.el9_6.x86_64          176/323 
  Installing       : perl-File-Which-1.23-10.el9.noarch                 177/323 
  Installing       : perl-File-HomeDir-1.006-4.el9.noarch               178/323 
  Installing       : perl-FileCache-1.10-481.1.el9_6.noarch             179/323 
  Installing       : perl-FindBin-1.51-481.1.el9_6.noarch               180/323 
  Installing       : perl-I18N-Collate-1.02-481.1.el9_6.noarch          181/323 
  Installing       : perl-IPC-SysV-2.09-4.el9.x86_64                    182/323 
  Installing       : perl-IPC-System-Simple-1.30-6.el9.noarch           183/323 
  Installing       : perl-autodie-2.34-4.el9.0.1.noarch                 184/323 
  Installing       : perl-Importer-0.026-4.el9.noarch                   185/323 
  Installing       : perl-MIME-Charset-1.012.2-15.el9.0.1.noarch        186/323 
  Installing       : perl-MRO-Compat-0.13-15.el9.0.1.noarch             187/323 
  Installing       : perl-Memoize-1.03-481.1.el9_6.noarch               188/323 
  Installing       : perl-Module-Loaded-1:0.08-481.1.el9_6.noarch       189/323 
  Installing       : perl-NEXT-0.67-481.1.el9_6.noarch                  190/323 
  Installing       : perl-Net-1.02-481.1.el9_6.noarch                   191/323 
  Installing       : perl-Object-HashBase-0.009-7.el9.noarch            192/323 
  Installing       : perl-Package-Generator-1.106-23.el9.noarch         193/323 
  Installing       : perl-Sub-Exporter-0.987-27.el9.0.1.noarch          194/323 
  Installing       : perl-Data-Section-0.200007-14.el9.0.1.noarch       195/323 
  Installing       : perl-PerlIO-via-QuotedPrint-0.09-4.el9.noarch      196/323 
  Installing       : perl-Pod-Functions-1.13-481.1.el9_6.noarch         197/323 
  Installing       : perl-Search-Dict-1.07-481.1.el9_6.noarch           198/323 
  Installing       : perl-Sys-Syslog-0.36-461.el9.x86_64                199/323 
  Installing       : perl-Term-Complete-1.403-481.1.el9_6.noarch        200/323 
  Installing       : perl-Term-Size-Perl-0.031-12.el9.x86_64            201/323 
  Installing       : perl-Term-Size-Any-0.002-35.el9.0.1.noarch         202/323 
  Installing       : perl-Test-1.31-481.1.el9_6.noarch                  203/323 
  Installing       : perl-Text-Abbrev-1.02-481.1.el9_6.noarch           204/323 
  Installing       : perl-Text-Glob-0.11-15.el9.noarch                  205/323 
  Installing       : perl-Text-Template-1.59-5.el9.0.1.noarch           206/323 
  Installing       : perl-Software-License-0.103014-12.el9.0.1.noarch   207/323 
  Installing       : perl-Tie-File-1.06-481.1.el9_6.noarch              208/323 
  Installing       : perl-Tie-Memoize-1.1-481.1.el9_6.noarch            209/323 
  Installing       : perl-Time-1.03-481.1.el9_6.noarch                  210/323 
  Installing       : perl-Time-Piece-1.3401-481.1.el9_6.x86_64          211/323 
  Installing       : perl-blib-1.07-481.1.el9_6.noarch                  212/323 
  Installing       : perl-deprecate-0.04-481.1.el9_6.noarch             213/323 
  Installing       : perl-encoding-warnings-0.13-481.1.el9_6.noarch     214/323 
  Installing       : perl-filetest-1.03-481.1.el9_6.noarch              215/323 
  Installing       : perl-less-0.03-481.1.el9_6.noarch                  216/323 
  Installing       : perl-local-lib-2.000024-13.el9.noarch              217/323 
  Installing       : perl-perlfaq-5.20210520-1.el9.noarch               218/323 
  Installing       : perl-ph-5.32.1-481.1.el9_6.x86_64                  219/323 
  Installing       : perl-sort-2.04-481.1.el9_6.noarch                  220/323 
  Installing       : perl-vmsish-1.04-481.1.el9_6.noarch                221/323 
  Installing       : php-cli-8.0.30-5.el9_7.x86_64                      222/323 
  Installing       : php-pdo-8.0.30-5.el9_7.x86_64                      223/323 
  Installing       : php-process-8.0.30-5.el9_7.x86_64                  224/323 
  Running scriptlet: xml-common-0.6.3-58.el9.noarch                     225/323 
  Installing       : xml-common-0.6.3-58.el9.noarch                     225/323 
  Installing       : spirv-tools-libs-2025.2-1.el9.x86_64               226/323 
  Installing       : rust-srpm-macros-17-4.el9.noarch                   227/323 
  Installing       : qt5-srpm-macros-5.15.9-1.el9.noarch                228/323 
  Installing       : pyproject-srpm-macros-1.16.2-1.el9.noarch          229/323 
  Installing       : perl-srpm-macros-1-41.el9.noarch                   230/323 
  Installing       : openblas-srpm-macros-2-11.el9.noarch               231/323 
  Installing       : ocaml-srpm-macros-6-6.el9.noarch                   232/323 
  Installing       : mesa-filesystem-25.0.7-5.el9_7.x86_64              233/323 
  Installing       : lua-srpm-macros-1-6.el9.noarch                     234/323 
  Installing       : llvm-filesystem-20.1.8-3.el9.x86_64                235/323 
  Installing       : llvm-libs-20.1.8-3.el9.x86_64                      236/323 
  Installing       : libxslt-1.1.34-13.el9_6.x86_64                     237/323 
  Installing       : php-xml-8.0.30-5.el9_7.x86_64                      238/323 
  Installing       : libxshmfence-1.3-10.el9.x86_64                     239/323 
  Installing       : libwayland-egl-1.21.0-1.el9.x86_64                 240/323 
  Installing       : libstdc++-devel-11.5.0-11.el9.x86_64               241/323 
  Installing       : libdatrie-0.2.13-4.el9.x86_64                      242/323 
  Installing       : libthai-0.1.28-8.el9.x86_64                        243/323 
  Installing       : sombok-2.4.0-16.el9.x86_64                         244/323 
  Installing       : perl-Unicode-LineBreak-2019.001-11.el9.x86_64      245/323 
  Installing       : perl-Term-Table-0.015-8.el9.0.1.noarch             246/323 
  Installing       : perl-Test-Simple-3:1.302183-4.el9.noarch           247/323 
  Installing       : libXau-1.0.9-8.el9.x86_64                          248/323 
  Installing       : libxcb-1.13.1-9.el9.x86_64                         249/323 
  Installing       : libX11-common-1.7.0-11.el9.noarch                  250/323 
  Installing       : libX11-1.7.0-11.el9.x86_64                         251/323 
  Installing       : libXext-1.3.4-8.el9.x86_64                         252/323 
  Installing       : libXxf86vm-1.1.4-18.el9.x86_64                     253/323 
  Installing       : libXi-1.7.10-8.el9.x86_64                          254/323 
  Installing       : libXpm-3.5.13-10.el9.x86_64                        255/323 
  Installing       : kernel-headers-5.14.0-611.36.1.el9_7.x86_64        256/323 
  Installing       : jbigkit-libs-2.1-23.el9.x86_64                     257/323 
  Installing       : libtiff-4.4.0-15.el9_7.2.0.1.x86_64                258/323 
  Installing       : hicolor-icon-theme-0.17-13.el9.noarch              259/323 
  Installing       : glibc-headers-2.34-231.el9_7.10.x86_64             260/323 
  Installing       : ghc-srpm-macros-1.5.0-6.el9.noarch                 261/323 
  Installing       : emacs-filesystem-1:27.2-18.el9.noarch              262/323 
  Installing       : efi-srpm-macros-6-4.el9.noarch                     263/323 
  Installing       : dwz-0.16-1.el9.x86_64                              264/323 
  Installing       : unzip-6.0-59.el9.x86_64                            265/323 
  Installing       : zip-3.0-35.el9.x86_64                              266/323 
  Installing       : python3-pyparsing-2.4.7-9.el9.0.1.noarch           267/323 
  Installing       : systemtap-sdt-dtrace-5.3-3.el9.0.1.x86_64          268/323 
  Installing       : systemtap-sdt-devel-5.3-3.el9.0.1.x86_64           269/323 
  Installing       : pkgconf-m4-1.7.3-10.el9.noarch                     270/323 
  Installing       : libpkgconf-1.7.3-10.el9.x86_64                     271/323 
  Installing       : pkgconf-1.7.3-10.el9.x86_64                        272/323 
  Installing       : pkgconf-pkg-config-1.7.3-10.el9.x86_64             273/323 
  Installing       : glibc-devel-2.34-231.el9_7.10.x86_64               274/323 
  Installing       : libxcrypt-devel-4.4.18-3.el9.x86_64                275/323 
  Installing       : gcc-11.5.0-11.el9.x86_64                           276/323 
  Installing       : perl-Filter-2:1.60-4.el9.x86_64                    277/323 
  Installing       : perl-encoding-4:3.00-462.el9.x86_64                278/323 
  Installing       : perl-open-1.12-481.1.el9_6.noarch                  279/323 
  Installing       : perl-Filter-Simple-0.96-460.el9.noarch             280/323 
  Installing       : annobin-12.98-1.el9.x86_64                         281/323 
  Installing       : gcc-c++-11.5.0-11.el9.x86_64                       282/323 
  Installing       : gcc-plugin-annobin-11.5.0-11.el9.x86_64            283/323 
  Installing       : fonts-srpm-macros-1:2.0.5-7.el9.1.noarch           284/323 
  Installing       : go-srpm-macros-3.6.0-13.el9_7.noarch               285/323 
  Installing       : python-srpm-macros-3.9-54.el9.noarch               286/323 
  Installing       : redhat-rpm-config-210-1.el9.noarch                 287/323 
  Running scriptlet: redhat-rpm-config-210-1.el9.noarch                 287/323 
  Installing       : perl-ExtUtils-Install-2.20-4.el9.0.1.noarch        288/323 
  Installing       : perl-devel-4:5.32.1-481.1.el9_6.x86_64             289/323 
  Installing       : perl-ExtUtils-MakeMaker-2:7.60-3.el9.0.1.noarch    290/323 
  Installing       : perl-ExtUtils-CBuilder-1:0.280236-4.el9.0.1.noar   291/323 
  Installing       : perl-ExtUtils-Embed-1.35-481.1.el9_6.noarch        292/323 
  Installing       : perl-ExtUtils-Miniperl-1.09-481.1.el9_6.noarch     293/323 
  Installing       : perl-libnetcfg-4:5.32.1-481.1.el9_6.noarch         294/323 
  Installing       : perl-Encode-devel-4:3.08-462.el9.x86_64            295/323 
  Installing       : perl-inc-latest-2:0.500-20.el9.noarch              296/323 
  Installing       : perl-Module-Build-2:0.42.31-9.el9.noarch           297/323 
  Installing       : perl-CPAN-2.29-5.el9_6.noarch                      298/323 
  Installing       : perl-4:5.32.1-481.1.el9_6.x86_64                   299/323 
  Installing       : libpciaccess-0.16-7.el9.x86_64                     300/323 
  Installing       : libdrm-2.4.123-2.el9.x86_64                        301/323 
  Installing       : libglvnd-egl-1:1.3.4-1.el9.x86_64                  302/323 
  Installing       : mesa-dri-drivers-25.0.7-5.el9_7.x86_64             303/323 
  Installing       : mesa-libgbm-25.0.7-5.el9_7.x86_64                  304/323 
  Installing       : mesa-libEGL-25.0.7-5.el9_7.x86_64                  305/323 
  Installing       : libglvnd-gles-1:1.3.4-1.el9.x86_64                 306/323 
  Installing       : libglvnd-glx-1:1.3.4-1.el9.x86_64                  307/323 
  Installing       : mesa-libGL-25.0.7-5.el9_7.x86_64                   308/323 
  Installing       : freeglut-3.2.1-10.el9.x86_64                       309/323 
  Installing       : mesa-libGLU-9.0.1-6.el9.x86_64                     310/323 
  Installing       : graphite2-1.3.14-9.el9.x86_64                      311/323 
  Installing       : harfbuzz-2.7.4-10.el9.x86_64                       312/323 
  Installing       : freetype-2.10.4-10.el9_5.x86_64                    313/323 
  Installing       : fontconfig-2.14.0-2.el9_1.x86_64                   314/323 
  Running scriptlet: fontconfig-2.14.0-2.el9_1.x86_64                   314/323 
  Installing       : gd-2.3.2-3.el9.x86_64                              315/323 
  Installing       : php-gd-8.0.30-5.el9_7.x86_64                       316/323 
  Installing       : phoronix-test-suite-10.8.4-2.el9.noarch            317/323 
  Running scriptlet: phoronix-test-suite-10.8.4-2.el9.noarch            317/323 
  Installing       : mesa-demos-8.4.0-12.20210504git0f9e7d9.el9.0.1.x   318/323 
  Installing       : openssl-devel-1:3.5.1-7.el9_7.x86_64               319/323 
  Installing       : autoconf-2.69-41.el9.noarch                        320/323 
  Installing       : bison-3.7.4-5.el9.x86_64                           321/323 
  Installing       : flex-2.6.4-9.el9.x86_64                            322/323 
  Installing       : bzip2-1.0.8-10.el9_5.x86_64                        323/323 
  Running scriptlet: fontconfig-2.14.0-2.el9_1.x86_64                   323/323 
  Running scriptlet: bzip2-1.0.8-10.el9_5.x86_64                        323/323 
  Verifying        : phoronix-test-suite-10.8.4-2.el9.noarch              1/323 
  Verifying        : bzip2-1.0.8-10.el9_5.x86_64                          2/323 
  Verifying        : dejavu-sans-fonts-2.37-18.el9.noarch                 3/323 
  Verifying        : freetype-2.10.4-10.el9_5.x86_64                      4/323 
  Verifying        : graphite2-1.3.14-9.el9.x86_64                        5/323 
  Verifying        : harfbuzz-2.7.4-10.el9.x86_64                         6/323 
  Verifying        : libpciaccess-0.16-7.el9.x86_64                       7/323 
  Verifying        : libpkgconf-1.7.3-10.el9.x86_64                       8/323 
  Verifying        : make-1:4.3-8.el9.x86_64                              9/323 
  Verifying        : pkgconf-1.7.3-10.el9.x86_64                         10/323 
  Verifying        : pkgconf-m4-1.7.3-10.el9.noarch                      11/323 
  Verifying        : pkgconf-pkg-config-1.7.3-10.el9.x86_64              12/323 
  Verifying        : python3-pyparsing-2.4.7-9.el9.0.1.noarch            13/323 
  Verifying        : unzip-6.0-59.el9.x86_64                             14/323 
  Verifying        : zip-3.0-35.el9.x86_64                               15/323 
  Verifying        : annobin-12.98-1.el9.x86_64                          16/323 
  Verifying        : autoconf-2.69-41.el9.noarch                         17/323 
  Verifying        : bison-3.7.4-5.el9.x86_64                            18/323 
  Verifying        : cpp-11.5.0-11.el9.x86_64                            19/323 
  Verifying        : dwz-0.16-1.el9.x86_64                               20/323 
  Verifying        : efi-srpm-macros-6-4.el9.noarch                      21/323 
  Verifying        : emacs-filesystem-1:27.2-18.el9.noarch               22/323 
  Verifying        : flex-2.6.4-9.el9.x86_64                             23/323 
  Verifying        : fontconfig-2.14.0-2.el9_1.x86_64                    24/323 
  Verifying        : fonts-srpm-macros-1:2.0.5-7.el9.1.noarch            25/323 
  Verifying        : freeglut-3.2.1-10.el9.x86_64                        26/323 
  Verifying        : gcc-11.5.0-11.el9.x86_64                            27/323 
  Verifying        : gcc-c++-11.5.0-11.el9.x86_64                        28/323 
  Verifying        : gcc-plugin-annobin-11.5.0-11.el9.x86_64             29/323 
  Verifying        : gd-2.3.2-3.el9.x86_64                               30/323 
  Verifying        : ghc-srpm-macros-1.5.0-6.el9.noarch                  31/323 
  Verifying        : glibc-devel-2.34-231.el9_7.10.x86_64                32/323 
  Verifying        : glibc-headers-2.34-231.el9_7.10.x86_64              33/323 
  Verifying        : go-srpm-macros-3.6.0-13.el9_7.noarch                34/323 
  Verifying        : hicolor-icon-theme-0.17-13.el9.noarch               35/323 
  Verifying        : jbigkit-libs-2.1-23.el9.x86_64                      36/323 
  Verifying        : kernel-headers-5.14.0-611.36.1.el9_7.x86_64         37/323 
  Verifying        : kernel-srpm-macros-1.0-14.el9.noarch                38/323 
  Verifying        : langpacks-core-font-en-3.0-16.el9.noarch            39/323 
  Verifying        : libX11-1.7.0-11.el9.x86_64                          40/323 
  Verifying        : libX11-common-1.7.0-11.el9.noarch                   41/323 
  Verifying        : libX11-xcb-1.7.0-11.el9.x86_64                      42/323 
  Verifying        : libXau-1.0.9-8.el9.x86_64                           43/323 
  Verifying        : libXext-1.3.4-8.el9.x86_64                          44/323 
  Verifying        : libXi-1.7.10-8.el9.x86_64                           45/323 
  Verifying        : libXpm-3.5.13-10.el9.x86_64                         46/323 
  Verifying        : libXxf86vm-1.1.4-18.el9.x86_64                      47/323 
  Verifying        : libdatrie-0.2.13-4.el9.x86_64                       48/323 
  Verifying        : libdrm-2.4.123-2.el9.x86_64                         49/323 
  Verifying        : libglvnd-1:1.3.4-1.el9.x86_64                       50/323 
  Verifying        : libglvnd-egl-1:1.3.4-1.el9.x86_64                   51/323 
  Verifying        : libglvnd-gles-1:1.3.4-1.el9.x86_64                  52/323 
  Verifying        : libglvnd-glx-1:1.3.4-1.el9.x86_64                   53/323 
  Verifying        : libmpc-1.2.1-4.el9.x86_64                           54/323 
  Verifying        : libstdc++-devel-11.5.0-11.el9.x86_64                55/323 
  Verifying        : libthai-0.1.28-8.el9.x86_64                         56/323 
  Verifying        : libtiff-4.4.0-15.el9_7.2.0.1.x86_64                 57/323 
  Verifying        : libwayland-client-1.21.0-1.el9.x86_64               58/323 
  Verifying        : libwayland-egl-1.21.0-1.el9.x86_64                  59/323 
  Verifying        : libwayland-server-1.21.0-1.el9.x86_64               60/323 
  Verifying        : libwebp-1.2.0-8.el9.x86_64                          61/323 
  Verifying        : libxcb-1.13.1-9.el9.x86_64                          62/323 
  Verifying        : libxcrypt-devel-4.4.18-3.el9.x86_64                 63/323 
  Verifying        : libxshmfence-1.3-10.el9.x86_64                      64/323 
  Verifying        : libxslt-1.1.34-13.el9_6.x86_64                      65/323 
  Verifying        : llvm-filesystem-20.1.8-3.el9.x86_64                 66/323 
  Verifying        : llvm-libs-20.1.8-3.el9.x86_64                       67/323 
  Verifying        : lua-srpm-macros-1-6.el9.noarch                      68/323 
  Verifying        : m4-1.4.19-1.el9.x86_64                              69/323 
  Verifying        : mesa-demos-8.4.0-12.20210504git0f9e7d9.el9.0.1.x    70/323 
  Verifying        : mesa-dri-drivers-25.0.7-5.el9_7.x86_64              71/323 
  Verifying        : mesa-filesystem-25.0.7-5.el9_7.x86_64               72/323 
  Verifying        : mesa-libEGL-25.0.7-5.el9_7.x86_64                   73/323 
  Verifying        : mesa-libGL-25.0.7-5.el9_7.x86_64                    74/323 
  Verifying        : mesa-libGLU-9.0.1-6.el9.x86_64                      75/323 
  Verifying        : mesa-libgbm-25.0.7-5.el9_7.x86_64                   76/323 
  Verifying        : ocaml-srpm-macros-6-6.el9.noarch                    77/323 
  Verifying        : openblas-srpm-macros-2-11.el9.noarch                78/323 
  Verifying        : openssl-devel-1:3.5.1-7.el9_7.x86_64                79/323 
  Verifying        : perl-4:5.32.1-481.1.el9_6.x86_64                    80/323 
  Verifying        : perl-Algorithm-Diff-1.2010-4.el9.0.1.noarch         81/323 
  Verifying        : perl-Archive-Tar-2.38-6.el9.0.1.noarch              82/323 
  Verifying        : perl-Archive-Zip-1.68-6.el9.noarch                  83/323 
  Verifying        : perl-Attribute-Handlers-1.01-481.1.el9_6.noarch     84/323 
  Verifying        : perl-AutoLoader-5.74-481.1.el9_6.noarch             85/323 
  Verifying        : perl-AutoSplit-5.74-481.1.el9_6.noarch              86/323 
  Verifying        : perl-B-1.80-481.1.el9_6.x86_64                      87/323 
  Verifying        : perl-Benchmark-1.23-481.1.el9_6.noarch              88/323 
  Verifying        : perl-CPAN-2.29-5.el9_6.noarch                       89/323 
  Verifying        : perl-CPAN-DistnameInfo-0.12-23.el9.0.1.noarch       90/323 
  Verifying        : perl-CPAN-Meta-2.150010-460.el9.0.1.noarch          91/323 
  Verifying        : perl-CPAN-Meta-Requirements-2.140-461.el9.0.1.no    92/323 
  Verifying        : perl-CPAN-Meta-YAML-0.018-461.el9.noarch            93/323 
  Verifying        : perl-Carp-1.50-460.el9.0.1.noarch                   94/323 
  Verifying        : perl-Class-Struct-0.66-481.1.el9_6.noarch           95/323 
  Verifying        : perl-Compress-Bzip2-2.28-5.el9.x86_64               96/323 
  Verifying        : perl-Compress-Raw-Bzip2-2.101-5.el9.x86_64          97/323 
  Verifying        : perl-Compress-Raw-Lzma-2.101-3.el9.x86_64           98/323 
  Verifying        : perl-Compress-Raw-Zlib-2.101-5.el9.x86_64           99/323 
  Verifying        : perl-Config-Extensions-0.03-481.1.el9_6.noarch     100/323 
  Verifying        : perl-Config-Perl-V-0.33-4.el9.noarch               101/323 
  Verifying        : perl-DBM_Filter-0.06-481.1.el9_6.noarch            102/323 
  Verifying        : perl-DB_File-1.855-4.el9.x86_64                    103/323 
  Verifying        : perl-Data-Dumper-2.174-462.el9.x86_64              104/323 
  Verifying        : perl-Data-OptList-0.110-17.el9.0.1.noarch          105/323 
  Verifying        : perl-Data-Section-0.200007-14.el9.0.1.noarch       106/323 
  Verifying        : perl-Devel-PPPort-3.62-4.el9.x86_64                107/323 
  Verifying        : perl-Devel-Peek-1.28-481.1.el9_6.x86_64            108/323 
  Verifying        : perl-Devel-SelfStubber-1.06-481.1.el9_6.noarch     109/323 
  Verifying        : perl-Devel-Size-0.83-10.el9.x86_64                 110/323 
  Verifying        : perl-Digest-1.19-4.el9.0.1.noarch                  111/323 
  Verifying        : perl-Digest-MD5-2.58-4.el9.x86_64                  112/323 
  Verifying        : perl-Digest-SHA-1:6.02-461.el9.x86_64              113/323 
  Verifying        : perl-Digest-SHA1-2.13-34.el9.x86_64                114/323 
  Verifying        : perl-DirHandle-1.05-481.1.el9_6.noarch             115/323 
  Verifying        : perl-Dumpvalue-2.27-481.1.el9_6.noarch             116/323 
  Verifying        : perl-DynaLoader-1.47-481.1.el9_6.x86_64            117/323 
  Verifying        : perl-Encode-4:3.08-462.el9.x86_64                  118/323 
  Verifying        : perl-Encode-Locale-1.05-21.el9.noarch              119/323 
  Verifying        : perl-Encode-devel-4:3.08-462.el9.x86_64            120/323 
  Verifying        : perl-English-1.11-481.1.el9_6.noarch               121/323 
  Verifying        : perl-Env-1.04-460.el9.0.1.noarch                   122/323 
  Verifying        : perl-Errno-1.30-481.1.el9_6.x86_64                 123/323 
  Verifying        : perl-Exporter-5.74-461.el9.noarch                  124/323 
  Verifying        : perl-ExtUtils-CBuilder-1:0.280236-4.el9.0.1.noar   125/323 
  Verifying        : perl-ExtUtils-Command-2:7.60-3.el9.0.1.noarch      126/323 
  Verifying        : perl-ExtUtils-Constant-0.25-481.1.el9_6.noarch     127/323 
  Verifying        : perl-ExtUtils-Embed-1.35-481.1.el9_6.noarch        128/323 
  Verifying        : perl-ExtUtils-Install-2.20-4.el9.0.1.noarch        129/323 
  Verifying        : perl-ExtUtils-MM-Utils-2:7.60-3.el9.0.1.noarch     130/323 
  Verifying        : perl-ExtUtils-MakeMaker-2:7.60-3.el9.0.1.noarch    131/323 
  Verifying        : perl-ExtUtils-Manifest-1:1.73-4.el9.0.1.noarch     132/323 
  Verifying        : perl-ExtUtils-Miniperl-1.09-481.1.el9_6.noarch     133/323 
  Verifying        : perl-ExtUtils-ParseXS-1:3.40-460.el9.noarch        134/323 
  Verifying        : perl-Fcntl-1.13-481.1.el9_6.x86_64                 135/323 
  Verifying        : perl-File-Basename-2.85-481.1.el9_6.noarch         136/323 
  Verifying        : perl-File-Compare-1.100.600-481.1.el9_6.noarch     137/323 
  Verifying        : perl-File-Copy-2.34-481.1.el9_6.noarch             138/323 
  Verifying        : perl-File-DosGlob-1.12-481.1.el9_6.x86_64          139/323 
  Verifying        : perl-File-Fetch-1.00-4.el9.noarch                  140/323 
  Verifying        : perl-File-Find-1.37-481.1.el9_6.noarch             141/323 
  Verifying        : perl-File-HomeDir-1.006-4.el9.noarch               142/323 
  Verifying        : perl-File-Path-2.18-4.el9.noarch                   143/323 
  Verifying        : perl-File-Temp-1:0.231.100-4.el9.noarch            144/323 
  Verifying        : perl-File-Which-1.23-10.el9.noarch                 145/323 
  Verifying        : perl-File-stat-1.09-481.1.el9_6.noarch             146/323 
  Verifying        : perl-FileCache-1.10-481.1.el9_6.noarch             147/323 
  Verifying        : perl-FileHandle-2.03-481.1.el9_6.noarch            148/323 
  Verifying        : perl-Filter-2:1.60-4.el9.x86_64                    149/323 
  Verifying        : perl-Filter-Simple-0.96-460.el9.noarch             150/323 
  Verifying        : perl-FindBin-1.51-481.1.el9_6.noarch               151/323 
  Verifying        : perl-GDBM_File-1.18-481.1.el9_6.x86_64             152/323 
  Verifying        : perl-Getopt-Long-1:2.52-4.el9.noarch               153/323 
  Verifying        : perl-Getopt-Std-1.12-481.1.el9_6.noarch            154/323 
  Verifying        : perl-HTTP-Tiny-0.076-462.el9.noarch                155/323 
  Verifying        : perl-Hash-Util-0.23-481.1.el9_6.x86_64             156/323 
  Verifying        : perl-Hash-Util-FieldHash-1.20-481.1.el9_6.x86_64   157/323 
  Verifying        : perl-I18N-Collate-1.02-481.1.el9_6.noarch          158/323 
  Verifying        : perl-I18N-LangTags-0.44-481.1.el9_6.noarch         159/323 
  Verifying        : perl-I18N-Langinfo-0.19-481.1.el9_6.x86_64         160/323 
  Verifying        : perl-IO-1.43-481.1.el9_6.x86_64                    161/323 
  Verifying        : perl-IO-Compress-2.102-4.el9.noarch                162/323 
  Verifying        : perl-IO-Compress-Lzma-2.101-4.el9.0.1.noarch       163/323 
  Verifying        : perl-IO-Socket-IP-0.41-5.el9.noarch                164/323 
  Verifying        : perl-IO-Socket-SSL-2.073-2.el9.noarch              165/323 
  Verifying        : perl-IO-Zlib-1:1.11-4.el9.0.1.noarch               166/323 
  Verifying        : perl-IPC-Cmd-2:1.04-461.el9.noarch                 167/323 
  Verifying        : perl-IPC-Open3-1.21-481.1.el9_6.noarch             168/323 
  Verifying        : perl-IPC-SysV-2.09-4.el9.x86_64                    169/323 
  Verifying        : perl-IPC-System-Simple-1.30-6.el9.noarch           170/323 
  Verifying        : perl-Importer-0.026-4.el9.noarch                   171/323 
  Verifying        : perl-JSON-PP-1:4.06-4.el9.noarch                   172/323 
  Verifying        : perl-Locale-Maketext-1.29-461.el9.noarch           173/323 
  Verifying        : perl-Locale-Maketext-Simple-1:0.21-481.1.el9_6.n   174/323 
  Verifying        : perl-MIME-Base64-3.16-4.el9.x86_64                 175/323 
  Verifying        : perl-MIME-Charset-1.012.2-15.el9.0.1.noarch        176/323 
  Verifying        : perl-MRO-Compat-0.13-15.el9.0.1.noarch             177/323 
  Verifying        : perl-Math-BigInt-1:1.9998.18-460.el9.noarch        178/323 
  Verifying        : perl-Math-BigInt-FastCalc-0.500.900-460.el9.x86_   179/323 
  Verifying        : perl-Math-BigRat-0.2614-460.el9.noarch             180/323 
  Verifying        : perl-Math-Complex-1.59-481.1.el9_6.noarch          181/323 
  Verifying        : perl-Memoize-1.03-481.1.el9_6.noarch               182/323 
  Verifying        : perl-Module-Build-2:0.42.31-9.el9.noarch           183/323 
  Verifying        : perl-Module-CoreList-1:5.20240609-1.el9.noarch     184/323 
  Verifying        : perl-Module-CoreList-tools-1:5.20240609-1.el9.no   185/323 
  Verifying        : perl-Module-Load-1:0.36-4.el9.noarch               186/323 
  Verifying        : perl-Module-Load-Conditional-0.74-4.el9.0.1.noar   187/323 
  Verifying        : perl-Module-Loaded-1:0.08-481.1.el9_6.noarch       188/323 
  Verifying        : perl-Module-Metadata-1.000037-460.el9.noarch       189/323 
  Verifying        : perl-Module-Signature-0.88-1.el9.0.1.noarch        190/323 
  Verifying        : perl-Mozilla-CA-20200520-6.el9.noarch              191/323 
  Verifying        : perl-NDBM_File-1.15-481.1.el9_6.x86_64             192/323 
  Verifying        : perl-NEXT-0.67-481.1.el9_6.noarch                  193/323 
  Verifying        : perl-Net-1.02-481.1.el9_6.noarch                   194/323 
  Verifying        : perl-Net-Ping-2.74-5.el9.0.1.noarch                195/323 
  Verifying        : perl-Net-SSLeay-1.94-3.el9.x86_64                  196/323 
  Verifying        : perl-ODBM_File-1.16-481.1.el9_6.x86_64             197/323 
  Verifying        : perl-Object-HashBase-0.009-7.el9.noarch            198/323 
  Verifying        : perl-Opcode-1.48-481.1.el9_6.x86_64                199/323 
  Verifying        : perl-POSIX-1.94-481.1.el9_6.x86_64                 200/323 
  Verifying        : perl-Package-Generator-1.106-23.el9.noarch         201/323 
  Verifying        : perl-Params-Check-1:0.38-461.el9.0.1.noarch        202/323 
  Verifying        : perl-Params-Util-1.102-5.el9.x86_64                203/323 
  Verifying        : perl-PathTools-3.78-461.el9.x86_64                 204/323 
  Verifying        : perl-Perl-OSType-1.010-461.el9.0.1.noarch          205/323 
  Verifying        : perl-PerlIO-via-QuotedPrint-0.09-4.el9.noarch      206/323 
  Verifying        : perl-Pod-Checker-4:1.74-4.el9.noarch               207/323 
  Verifying        : perl-Pod-Escapes-1:1.07-460.el9.0.1.noarch         208/323 
  Verifying        : perl-Pod-Functions-1.13-481.1.el9_6.noarch         209/323 
  Verifying        : perl-Pod-Html-1.25-481.1.el9_6.noarch              210/323 
  Verifying        : perl-Pod-Perldoc-3.28.01-461.el9.noarch            211/323 
  Verifying        : perl-Pod-Simple-1:3.42-4.el9.noarch                212/323 
  Verifying        : perl-Pod-Usage-4:2.01-4.el9.noarch                 213/323 
  Verifying        : perl-Safe-2.41-481.1.el9_6.noarch                  214/323 
  Verifying        : perl-Scalar-List-Utils-4:1.56-462.el9.x86_64       215/323 
  Verifying        : perl-Search-Dict-1.07-481.1.el9_6.noarch           216/323 
  Verifying        : perl-SelectSaver-1.02-481.1.el9_6.noarch           217/323 
  Verifying        : perl-SelfLoader-1.26-481.1.el9_6.noarch            218/323 
  Verifying        : perl-Socket-4:2.031-4.el9.x86_64                   219/323 
  Verifying        : perl-Software-License-0.103014-12.el9.0.1.noarch   220/323 
  Verifying        : perl-Storable-1:3.21-460.el9.x86_64                221/323 
  Verifying        : perl-Sub-Exporter-0.987-27.el9.0.1.noarch          222/323 
  Verifying        : perl-Sub-Install-0.928-28.el9.0.1.noarch           223/323 
  Verifying        : perl-Symbol-1.08-481.1.el9_6.noarch                224/323 
  Verifying        : perl-Sys-Hostname-1.23-481.1.el9_6.x86_64          225/323 
  Verifying        : perl-Sys-Syslog-0.36-461.el9.x86_64                226/323 
  Verifying        : perl-Term-ANSIColor-5.01-461.el9.0.1.noarch        227/323 
  Verifying        : perl-Term-Cap-1.17-460.el9.0.1.noarch              228/323 
  Verifying        : perl-Term-Complete-1.403-481.1.el9_6.noarch        229/323 
  Verifying        : perl-Term-ReadLine-1.17-481.1.el9_6.noarch         230/323 
  Verifying        : perl-Term-Size-Any-0.002-35.el9.0.1.noarch         231/323 
  Verifying        : perl-Term-Size-Perl-0.031-12.el9.x86_64            232/323 
  Verifying        : perl-Term-Table-0.015-8.el9.0.1.noarch             233/323 
  Verifying        : perl-TermReadKey-2.38-11.el9.x86_64                234/323 
  Verifying        : perl-Test-1.31-481.1.el9_6.noarch                  235/323 
  Verifying        : perl-Test-Harness-1:3.42-461.el9.noarch            236/323 
  Verifying        : perl-Test-Simple-3:1.302183-4.el9.noarch           237/323 
  Verifying        : perl-Text-Abbrev-1.02-481.1.el9_6.noarch           238/323 
  Verifying        : perl-Text-Balanced-2.04-4.el9.noarch               239/323 
  Verifying        : perl-Text-Diff-1.45-13.el9.noarch                  240/323 
  Verifying        : perl-Text-Glob-0.11-15.el9.noarch                  241/323 
  Verifying        : perl-Text-ParseWords-3.30-460.el9.noarch           242/323 
  Verifying        : perl-Text-Tabs+Wrap-2013.0523-460.el9.0.1.noarch   243/323 
  Verifying        : perl-Text-Template-1.59-5.el9.0.1.noarch           244/323 
  Verifying        : perl-Thread-3.05-481.1.el9_6.noarch                245/323 
  Verifying        : perl-Thread-Queue-3.14-460.el9.0.1.noarch          246/323 
  Verifying        : perl-Thread-Semaphore-2.13-481.1.el9_6.noarch      247/323 
  Verifying        : perl-Tie-4.6-481.1.el9_6.noarch                    248/323 
  Verifying        : perl-Tie-File-1.06-481.1.el9_6.noarch              249/323 
  Verifying        : perl-Tie-Memoize-1.1-481.1.el9_6.noarch            250/323 
  Verifying        : perl-Tie-RefHash-1.40-4.el9.0.1.noarch             251/323 
  Verifying        : perl-Time-1.03-481.1.el9_6.noarch                  252/323 
  Verifying        : perl-Time-HiRes-4:1.9764-462.el9.x86_64            253/323 
  Verifying        : perl-Time-Local-2:1.300-7.el9.noarch               254/323 
  Verifying        : perl-Time-Piece-1.3401-481.1.el9_6.x86_64          255/323 
  Verifying        : perl-URI-5.09-3.el9.0.1.noarch                     256/323 
  Verifying        : perl-Unicode-Collate-1.29-4.el9.x86_64             257/323 
  Verifying        : perl-Unicode-LineBreak-2019.001-11.el9.x86_64      258/323 
  Verifying        : perl-Unicode-Normalize-1.27-461.el9.x86_64         259/323 
  Verifying        : perl-Unicode-UCD-0.75-481.1.el9_6.noarch           260/323 
  Verifying        : perl-User-pwent-1.03-481.1.el9_6.noarch            261/323 
  Verifying        : perl-autodie-2.34-4.el9.0.1.noarch                 262/323 
  Verifying        : perl-autouse-1.11-481.1.el9_6.noarch               263/323 
  Verifying        : perl-base-2.27-481.1.el9_6.noarch                  264/323 
  Verifying        : perl-bignum-0.51-460.el9.noarch                    265/323 
  Verifying        : perl-blib-1.07-481.1.el9_6.noarch                  266/323 
  Verifying        : perl-constant-1.33-461.el9.0.1.noarch              267/323 
  Verifying        : perl-debugger-1.56-481.1.el9_6.noarch              268/323 
  Verifying        : perl-deprecate-0.04-481.1.el9_6.noarch             269/323 
  Verifying        : perl-devel-4:5.32.1-481.1.el9_6.x86_64             270/323 
  Verifying        : perl-diagnostics-1.37-481.1.el9_6.noarch           271/323 
  Verifying        : perl-doc-5.32.1-481.1.el9_6.noarch                 272/323 
  Verifying        : perl-encoding-4:3.00-462.el9.x86_64                273/323 
  Verifying        : perl-encoding-warnings-0.13-481.1.el9_6.noarch     274/323 
  Verifying        : perl-experimental-0.022-6.el9.noarch               275/323 
  Verifying        : perl-fields-2.27-481.1.el9_6.noarch                276/323 
  Verifying        : perl-filetest-1.03-481.1.el9_6.noarch              277/323 
  Verifying        : perl-if-0.60.800-481.1.el9_6.noarch                278/323 
  Verifying        : perl-inc-latest-2:0.500-20.el9.noarch              279/323 
  Verifying        : perl-interpreter-4:5.32.1-481.1.el9_6.x86_64       280/323 
  Verifying        : perl-less-0.03-481.1.el9_6.noarch                  281/323 
  Verifying        : perl-lib-0.65-481.1.el9_6.x86_64                   282/323 
  Verifying        : perl-libnet-3.13-4.el9.noarch                      283/323 
  Verifying        : perl-libnetcfg-4:5.32.1-481.1.el9_6.noarch         284/323 
  Verifying        : perl-libs-4:5.32.1-481.1.el9_6.x86_64              285/323 
  Verifying        : perl-local-lib-2.000024-13.el9.noarch              286/323 
  Verifying        : perl-locale-1.09-481.1.el9_6.noarch                287/323 
  Verifying        : perl-macros-4:5.32.1-481.1.el9_6.noarch            288/323 
  Verifying        : perl-meta-notation-5.32.1-481.1.el9_6.noarch       289/323 
  Verifying        : perl-mro-1.23-481.1.el9_6.x86_64                   290/323 
  Verifying        : perl-open-1.12-481.1.el9_6.noarch                  291/323 
  Verifying        : perl-overload-1.31-481.1.el9_6.noarch              292/323 
  Verifying        : perl-overloading-0.02-481.1.el9_6.noarch           293/323 
  Verifying        : perl-parent-1:0.238-460.el9.noarch                 294/323 
  Verifying        : perl-perlfaq-5.20210520-1.el9.noarch               295/323 
  Verifying        : perl-ph-5.32.1-481.1.el9_6.x86_64                  296/323 
  Verifying        : perl-podlators-1:4.14-460.el9.0.1.noarch           297/323 
  Verifying        : perl-sigtrap-1.09-481.1.el9_6.noarch               298/323 
  Verifying        : perl-sort-2.04-481.1.el9_6.noarch                  299/323 
  Verifying        : perl-srpm-macros-1-41.el9.noarch                   300/323 
  Verifying        : perl-subs-1.03-481.1.el9_6.noarch                  301/323 
  Verifying        : perl-threads-1:2.25-460.el9.x86_64                 302/323 
  Verifying        : perl-threads-shared-1.61-460.el9.0.1.x86_64        303/323 
  Verifying        : perl-utils-5.32.1-481.1.el9_6.noarch               304/323 
  Verifying        : perl-vars-1.05-481.1.el9_6.noarch                  305/323 
  Verifying        : perl-version-7:0.99.28-4.el9.x86_64                306/323 
  Verifying        : perl-vmsish-1.04-481.1.el9_6.noarch                307/323 
  Verifying        : php-cli-8.0.30-5.el9_7.x86_64                      308/323 
  Verifying        : php-common-8.0.30-5.el9_7.x86_64                   309/323 
  Verifying        : php-gd-8.0.30-5.el9_7.x86_64                       310/323 
  Verifying        : php-pdo-8.0.30-5.el9_7.x86_64                      311/323 
  Verifying        : php-process-8.0.30-5.el9_7.x86_64                  312/323 
  Verifying        : php-xml-8.0.30-5.el9_7.x86_64                      313/323 
  Verifying        : pyproject-srpm-macros-1.16.2-1.el9.noarch          314/323 
  Verifying        : python-srpm-macros-3.9-54.el9.noarch               315/323 
  Verifying        : qt5-srpm-macros-5.15.9-1.el9.noarch                316/323 
  Verifying        : redhat-rpm-config-210-1.el9.noarch                 317/323 
  Verifying        : rust-srpm-macros-17-4.el9.noarch                   318/323 
  Verifying        : sombok-2.4.0-16.el9.x86_64                         319/323 
  Verifying        : spirv-tools-libs-2025.2-1.el9.x86_64               320/323 
  Verifying        : systemtap-sdt-devel-5.3-3.el9.0.1.x86_64           321/323 
  Verifying        : systemtap-sdt-dtrace-5.3-3.el9.0.1.x86_64          322/323 
  Verifying        : xml-common-0.6.3-58.el9.noarch                     323/323 

Installed:
  annobin-12.98-1.el9.x86_64                                                    
  autoconf-2.69-41.el9.noarch                                                   
  bison-3.7.4-5.el9.x86_64                                                      
  bzip2-1.0.8-10.el9_5.x86_64                                                   
  cpp-11.5.0-11.el9.x86_64                                                      
  dejavu-sans-fonts-2.37-18.el9.noarch                                          
  dwz-0.16-1.el9.x86_64                                                         
  efi-srpm-macros-6-4.el9.noarch                                                
  emacs-filesystem-1:27.2-18.el9.noarch                                         
  flex-2.6.4-9.el9.x86_64                                                       
  fontconfig-2.14.0-2.el9_1.x86_64                                              
  fonts-srpm-macros-1:2.0.5-7.el9.1.noarch                                      
  freeglut-3.2.1-10.el9.x86_64                                                  
  freetype-2.10.4-10.el9_5.x86_64                                               
  gcc-11.5.0-11.el9.x86_64                                                      
  gcc-c++-11.5.0-11.el9.x86_64                                                  
  gcc-plugin-annobin-11.5.0-11.el9.x86_64                                       
  gd-2.3.2-3.el9.x86_64                                                         
  ghc-srpm-macros-1.5.0-6.el9.noarch                                            
  glibc-devel-2.34-231.el9_7.10.x86_64                                          
  glibc-headers-2.34-231.el9_7.10.x86_64                                        
  go-srpm-macros-3.6.0-13.el9_7.noarch                                          
  graphite2-1.3.14-9.el9.x86_64                                                 
  harfbuzz-2.7.4-10.el9.x86_64                                                  
  hicolor-icon-theme-0.17-13.el9.noarch                                         
  jbigkit-libs-2.1-23.el9.x86_64                                                
  kernel-headers-5.14.0-611.36.1.el9_7.x86_64                                   
  kernel-srpm-macros-1.0-14.el9.noarch                                          
  langpacks-core-font-en-3.0-16.el9.noarch                                      
  libX11-1.7.0-11.el9.x86_64                                                    
  libX11-common-1.7.0-11.el9.noarch                                             
  libX11-xcb-1.7.0-11.el9.x86_64                                                
  libXau-1.0.9-8.el9.x86_64                                                     
  libXext-1.3.4-8.el9.x86_64                                                    
  libXi-1.7.10-8.el9.x86_64                                                     
  libXpm-3.5.13-10.el9.x86_64                                                   
  libXxf86vm-1.1.4-18.el9.x86_64                                                
  libdatrie-0.2.13-4.el9.x86_64                                                 
  libdrm-2.4.123-2.el9.x86_64                                                   
  libglvnd-1:1.3.4-1.el9.x86_64                                                 
  libglvnd-egl-1:1.3.4-1.el9.x86_64                                             
  libglvnd-gles-1:1.3.4-1.el9.x86_64                                            
  libglvnd-glx-1:1.3.4-1.el9.x86_64                                             
  libmpc-1.2.1-4.el9.x86_64                                                     
  libpciaccess-0.16-7.el9.x86_64                                                
  libpkgconf-1.7.3-10.el9.x86_64                                                
  libstdc++-devel-11.5.0-11.el9.x86_64                                          
  libthai-0.1.28-8.el9.x86_64                                                   
  libtiff-4.4.0-15.el9_7.2.0.1.x86_64                                           
  libwayland-client-1.21.0-1.el9.x86_64                                         
  libwayland-egl-1.21.0-1.el9.x86_64                                            
  libwayland-server-1.21.0-1.el9.x86_64                                         
  libwebp-1.2.0-8.el9.x86_64                                                    
  libxcb-1.13.1-9.el9.x86_64                                                    
  libxcrypt-devel-4.4.18-3.el9.x86_64                                           
  libxshmfence-1.3-10.el9.x86_64                                                
  libxslt-1.1.34-13.el9_6.x86_64                                                
  llvm-filesystem-20.1.8-3.el9.x86_64                                           
  llvm-libs-20.1.8-3.el9.x86_64                                                 
  lua-srpm-macros-1-6.el9.noarch                                                
  m4-1.4.19-1.el9.x86_64                                                        
  make-1:4.3-8.el9.x86_64                                                       
  mesa-demos-8.4.0-12.20210504git0f9e7d9.el9.0.1.x86_64                         
  mesa-dri-drivers-25.0.7-5.el9_7.x86_64                                        
  mesa-filesystem-25.0.7-5.el9_7.x86_64                                         
  mesa-libEGL-25.0.7-5.el9_7.x86_64                                             
  mesa-libGL-25.0.7-5.el9_7.x86_64                                              
  mesa-libGLU-9.0.1-6.el9.x86_64                                                
  mesa-libgbm-25.0.7-5.el9_7.x86_64                                             
  ocaml-srpm-macros-6-6.el9.noarch                                              
  openblas-srpm-macros-2-11.el9.noarch                                          
  openssl-devel-1:3.5.1-7.el9_7.x86_64                                          
  perl-4:5.32.1-481.1.el9_6.x86_64                                              
  perl-Algorithm-Diff-1.2010-4.el9.0.1.noarch                                   
  perl-Archive-Tar-2.38-6.el9.0.1.noarch                                        
  perl-Archive-Zip-1.68-6.el9.noarch                                            
  perl-Attribute-Handlers-1.01-481.1.el9_6.noarch                               
  perl-AutoLoader-5.74-481.1.el9_6.noarch                                       
  perl-AutoSplit-5.74-481.1.el9_6.noarch                                        
  perl-B-1.80-481.1.el9_6.x86_64                                                
  perl-Benchmark-1.23-481.1.el9_6.noarch                                        
  perl-CPAN-2.29-5.el9_6.noarch                                                 
  perl-CPAN-DistnameInfo-0.12-23.el9.0.1.noarch                                 
  perl-CPAN-Meta-2.150010-460.el9.0.1.noarch                                    
  perl-CPAN-Meta-Requirements-2.140-461.el9.0.1.noarch                          
  perl-CPAN-Meta-YAML-0.018-461.el9.noarch                                      
  perl-Carp-1.50-460.el9.0.1.noarch                                             
  perl-Class-Struct-0.66-481.1.el9_6.noarch                                     
  perl-Compress-Bzip2-2.28-5.el9.x86_64                                         
  perl-Compress-Raw-Bzip2-2.101-5.el9.x86_64                                    
  perl-Compress-Raw-Lzma-2.101-3.el9.x86_64                                     
  perl-Compress-Raw-Zlib-2.101-5.el9.x86_64                                     
  perl-Config-Extensions-0.03-481.1.el9_6.noarch                                
  perl-Config-Perl-V-0.33-4.el9.noarch                                          
  perl-DBM_Filter-0.06-481.1.el9_6.noarch                                       
  perl-DB_File-1.855-4.el9.x86_64                                               
  perl-Data-Dumper-2.174-462.el9.x86_64                                         
  perl-Data-OptList-0.110-17.el9.0.1.noarch                                     
  perl-Data-Section-0.200007-14.el9.0.1.noarch                                  
  perl-Devel-PPPort-3.62-4.el9.x86_64                                           
  perl-Devel-Peek-1.28-481.1.el9_6.x86_64                                       
  perl-Devel-SelfStubber-1.06-481.1.el9_6.noarch                                
  perl-Devel-Size-0.83-10.el9.x86_64                                            
  perl-Digest-1.19-4.el9.0.1.noarch                                             
  perl-Digest-MD5-2.58-4.el9.x86_64                                             
  perl-Digest-SHA-1:6.02-461.el9.x86_64                                         
  perl-Digest-SHA1-2.13-34.el9.x86_64                                           
  perl-DirHandle-1.05-481.1.el9_6.noarch                                        
  perl-Dumpvalue-2.27-481.1.el9_6.noarch                                        
  perl-DynaLoader-1.47-481.1.el9_6.x86_64                                       
  perl-Encode-4:3.08-462.el9.x86_64                                             
  perl-Encode-Locale-1.05-21.el9.noarch                                         
  perl-Encode-devel-4:3.08-462.el9.x86_64                                       
  perl-English-1.11-481.1.el9_6.noarch                                          
  perl-Env-1.04-460.el9.0.1.noarch                                              
  perl-Errno-1.30-481.1.el9_6.x86_64                                            
  perl-Exporter-5.74-461.el9.noarch                                             
  perl-ExtUtils-CBuilder-1:0.280236-4.el9.0.1.noarch                            
  perl-ExtUtils-Command-2:7.60-3.el9.0.1.noarch                                 
  perl-ExtUtils-Constant-0.25-481.1.el9_6.noarch                                
  perl-ExtUtils-Embed-1.35-481.1.el9_6.noarch                                   
  perl-ExtUtils-Install-2.20-4.el9.0.1.noarch                                   
  perl-ExtUtils-MM-Utils-2:7.60-3.el9.0.1.noarch                                
  perl-ExtUtils-MakeMaker-2:7.60-3.el9.0.1.noarch                               
  perl-ExtUtils-Manifest-1:1.73-4.el9.0.1.noarch                                
  perl-ExtUtils-Miniperl-1.09-481.1.el9_6.noarch                                
  perl-ExtUtils-ParseXS-1:3.40-460.el9.noarch                                   
  perl-Fcntl-1.13-481.1.el9_6.x86_64                                            
  perl-File-Basename-2.85-481.1.el9_6.noarch                                    
  perl-File-Compare-1.100.600-481.1.el9_6.noarch                                
  perl-File-Copy-2.34-481.1.el9_6.noarch                                        
  perl-File-DosGlob-1.12-481.1.el9_6.x86_64                                     
  perl-File-Fetch-1.00-4.el9.noarch                                             
  perl-File-Find-1.37-481.1.el9_6.noarch                                        
  perl-File-HomeDir-1.006-4.el9.noarch                                          
  perl-File-Path-2.18-4.el9.noarch                                              
  perl-File-Temp-1:0.231.100-4.el9.noarch                                       
  perl-File-Which-1.23-10.el9.noarch                                            
  perl-File-stat-1.09-481.1.el9_6.noarch                                        
  perl-FileCache-1.10-481.1.el9_6.noarch                                        
  perl-FileHandle-2.03-481.1.el9_6.noarch                                       
  perl-Filter-2:1.60-4.el9.x86_64                                               
  perl-Filter-Simple-0.96-460.el9.noarch                                        
  perl-FindBin-1.51-481.1.el9_6.noarch                                          
  perl-GDBM_File-1.18-481.1.el9_6.x86_64                                        
  perl-Getopt-Long-1:2.52-4.el9.noarch                                          
  perl-Getopt-Std-1.12-481.1.el9_6.noarch                                       
  perl-HTTP-Tiny-0.076-462.el9.noarch                                           
  perl-Hash-Util-0.23-481.1.el9_6.x86_64                                        
  perl-Hash-Util-FieldHash-1.20-481.1.el9_6.x86_64                              
  perl-I18N-Collate-1.02-481.1.el9_6.noarch                                     
  perl-I18N-LangTags-0.44-481.1.el9_6.noarch                                    
  perl-I18N-Langinfo-0.19-481.1.el9_6.x86_64                                    
  perl-IO-1.43-481.1.el9_6.x86_64                                               
  perl-IO-Compress-2.102-4.el9.noarch                                           
  perl-IO-Compress-Lzma-2.101-4.el9.0.1.noarch                                  
  perl-IO-Socket-IP-0.41-5.el9.noarch                                           
  perl-IO-Socket-SSL-2.073-2.el9.noarch                                         
  perl-IO-Zlib-1:1.11-4.el9.0.1.noarch                                          
  perl-IPC-Cmd-2:1.04-461.el9.noarch                                            
  perl-IPC-Open3-1.21-481.1.el9_6.noarch                                        
  perl-IPC-SysV-2.09-4.el9.x86_64                                               
  perl-IPC-System-Simple-1.30-6.el9.noarch                                      
  perl-Importer-0.026-4.el9.noarch                                              
  perl-JSON-PP-1:4.06-4.el9.noarch                                              
  perl-Locale-Maketext-1.29-461.el9.noarch                                      
  perl-Locale-Maketext-Simple-1:0.21-481.1.el9_6.noarch                         
  perl-MIME-Base64-3.16-4.el9.x86_64                                            
  perl-MIME-Charset-1.012.2-15.el9.0.1.noarch                                   
  perl-MRO-Compat-0.13-15.el9.0.1.noarch                                        
  perl-Math-BigInt-1:1.9998.18-460.el9.noarch                                   
  perl-Math-BigInt-FastCalc-0.500.900-460.el9.x86_64                            
  perl-Math-BigRat-0.2614-460.el9.noarch                                        
  perl-Math-Complex-1.59-481.1.el9_6.noarch                                     
  perl-Memoize-1.03-481.1.el9_6.noarch                                          
  perl-Module-Build-2:0.42.31-9.el9.noarch                                      
  perl-Module-CoreList-1:5.20240609-1.el9.noarch                                
  perl-Module-CoreList-tools-1:5.20240609-1.el9.noarch                          
  perl-Module-Load-1:0.36-4.el9.noarch                                          
  perl-Module-Load-Conditional-0.74-4.el9.0.1.noarch                            
  perl-Module-Loaded-1:0.08-481.1.el9_6.noarch                                  
  perl-Module-Metadata-1.000037-460.el9.noarch                                  
  perl-Module-Signature-0.88-1.el9.0.1.noarch                                   
  perl-Mozilla-CA-20200520-6.el9.noarch                                         
  perl-NDBM_File-1.15-481.1.el9_6.x86_64                                        
  perl-NEXT-0.67-481.1.el9_6.noarch                                             
  perl-Net-1.02-481.1.el9_6.noarch                                              
  perl-Net-Ping-2.74-5.el9.0.1.noarch                                           
  perl-Net-SSLeay-1.94-3.el9.x86_64                                             
  perl-ODBM_File-1.16-481.1.el9_6.x86_64                                        
  perl-Object-HashBase-0.009-7.el9.noarch                                       
  perl-Opcode-1.48-481.1.el9_6.x86_64                                           
  perl-POSIX-1.94-481.1.el9_6.x86_64                                            
  perl-Package-Generator-1.106-23.el9.noarch                                    
  perl-Params-Check-1:0.38-461.el9.0.1.noarch                                   
  perl-Params-Util-1.102-5.el9.x86_64                                           
  perl-PathTools-3.78-461.el9.x86_64                                            
  perl-Perl-OSType-1.010-461.el9.0.1.noarch                                     
  perl-PerlIO-via-QuotedPrint-0.09-4.el9.noarch                                 
  perl-Pod-Checker-4:1.74-4.el9.noarch                                          
  perl-Pod-Escapes-1:1.07-460.el9.0.1.noarch                                    
  perl-Pod-Functions-1.13-481.1.el9_6.noarch                                    
  perl-Pod-Html-1.25-481.1.el9_6.noarch                                         
  perl-Pod-Perldoc-3.28.01-461.el9.noarch                                       
  perl-Pod-Simple-1:3.42-4.el9.noarch                                           
  perl-Pod-Usage-4:2.01-4.el9.noarch                                            
  perl-Safe-2.41-481.1.el9_6.noarch                                             
  perl-Scalar-List-Utils-4:1.56-462.el9.x86_64                                  
  perl-Search-Dict-1.07-481.1.el9_6.noarch                                      
  perl-SelectSaver-1.02-481.1.el9_6.noarch                                      
  perl-SelfLoader-1.26-481.1.el9_6.noarch                                       
  perl-Socket-4:2.031-4.el9.x86_64                                              
  perl-Software-License-0.103014-12.el9.0.1.noarch                              
  perl-Storable-1:3.21-460.el9.x86_64                                           
  perl-Sub-Exporter-0.987-27.el9.0.1.noarch                                     
  perl-Sub-Install-0.928-28.el9.0.1.noarch                                      
  perl-Symbol-1.08-481.1.el9_6.noarch                                           
  perl-Sys-Hostname-1.23-481.1.el9_6.x86_64                                     
  perl-Sys-Syslog-0.36-461.el9.x86_64                                           
  perl-Term-ANSIColor-5.01-461.el9.0.1.noarch                                   
  perl-Term-Cap-1.17-460.el9.0.1.noarch                                         
  perl-Term-Complete-1.403-481.1.el9_6.noarch                                   
  perl-Term-ReadLine-1.17-481.1.el9_6.noarch                                    
  perl-Term-Size-Any-0.002-35.el9.0.1.noarch                                    
  perl-Term-Size-Perl-0.031-12.el9.x86_64                                       
  perl-Term-Table-0.015-8.el9.0.1.noarch                                        
  perl-TermReadKey-2.38-11.el9.x86_64                                           
  perl-Test-1.31-481.1.el9_6.noarch                                             
  perl-Test-Harness-1:3.42-461.el9.noarch                                       
  perl-Test-Simple-3:1.302183-4.el9.noarch                                      
  perl-Text-Abbrev-1.02-481.1.el9_6.noarch                                      
  perl-Text-Balanced-2.04-4.el9.noarch                                          
  perl-Text-Diff-1.45-13.el9.noarch                                             
  perl-Text-Glob-0.11-15.el9.noarch                                             
  perl-Text-ParseWords-3.30-460.el9.noarch                                      
  perl-Text-Tabs+Wrap-2013.0523-460.el9.0.1.noarch                              
  perl-Text-Template-1.59-5.el9.0.1.noarch                                      
  perl-Thread-3.05-481.1.el9_6.noarch                                           
  perl-Thread-Queue-3.14-460.el9.0.1.noarch                                     
  perl-Thread-Semaphore-2.13-481.1.el9_6.noarch                                 
  perl-Tie-4.6-481.1.el9_6.noarch                                               
  perl-Tie-File-1.06-481.1.el9_6.noarch                                         
  perl-Tie-Memoize-1.1-481.1.el9_6.noarch                                       
  perl-Tie-RefHash-1.40-4.el9.0.1.noarch                                        
  perl-Time-1.03-481.1.el9_6.noarch                                             
  perl-Time-HiRes-4:1.9764-462.el9.x86_64                                       
  perl-Time-Local-2:1.300-7.el9.noarch                                          
  perl-Time-Piece-1.3401-481.1.el9_6.x86_64                                     
  perl-URI-5.09-3.el9.0.1.noarch                                                
  perl-Unicode-Collate-1.29-4.el9.x86_64                                        
  perl-Unicode-LineBreak-2019.001-11.el9.x86_64                                 
  perl-Unicode-Normalize-1.27-461.el9.x86_64                                    
  perl-Unicode-UCD-0.75-481.1.el9_6.noarch                                      
  perl-User-pwent-1.03-481.1.el9_6.noarch                                       
  perl-autodie-2.34-4.el9.0.1.noarch                                            
  perl-autouse-1.11-481.1.el9_6.noarch                                          
  perl-base-2.27-481.1.el9_6.noarch                                             
  perl-bignum-0.51-460.el9.noarch                                               
  perl-blib-1.07-481.1.el9_6.noarch                                             
  perl-constant-1.33-461.el9.0.1.noarch                                         
  perl-debugger-1.56-481.1.el9_6.noarch                                         
  perl-deprecate-0.04-481.1.el9_6.noarch                                        
  perl-devel-4:5.32.1-481.1.el9_6.x86_64                                        
  perl-diagnostics-1.37-481.1.el9_6.noarch                                      
  perl-doc-5.32.1-481.1.el9_6.noarch                                            
  perl-encoding-4:3.00-462.el9.x86_64                                           
  perl-encoding-warnings-0.13-481.1.el9_6.noarch                                
  perl-experimental-0.022-6.el9.noarch                                          
  perl-fields-2.27-481.1.el9_6.noarch                                           
  perl-filetest-1.03-481.1.el9_6.noarch                                         
  perl-if-0.60.800-481.1.el9_6.noarch                                           
  perl-inc-latest-2:0.500-20.el9.noarch                                         
  perl-interpreter-4:5.32.1-481.1.el9_6.x86_64                                  
  perl-less-0.03-481.1.el9_6.noarch                                             
  perl-lib-0.65-481.1.el9_6.x86_64                                              
  perl-libnet-3.13-4.el9.noarch                                                 
  perl-libnetcfg-4:5.32.1-481.1.el9_6.noarch                                    
  perl-libs-4:5.32.1-481.1.el9_6.x86_64                                         
  perl-local-lib-2.000024-13.el9.noarch                                         
  perl-locale-1.09-481.1.el9_6.noarch                                           
  perl-macros-4:5.32.1-481.1.el9_6.noarch                                       
  perl-meta-notation-5.32.1-481.1.el9_6.noarch                                  
  perl-mro-1.23-481.1.el9_6.x86_64                                              
  perl-open-1.12-481.1.el9_6.noarch                                             
  perl-overload-1.31-481.1.el9_6.noarch                                         
  perl-overloading-0.02-481.1.el9_6.noarch                                      
  perl-parent-1:0.238-460.el9.noarch                                            
  perl-perlfaq-5.20210520-1.el9.noarch                                          
  perl-ph-5.32.1-481.1.el9_6.x86_64                                             
  perl-podlators-1:4.14-460.el9.0.1.noarch                                      
  perl-sigtrap-1.09-481.1.el9_6.noarch                                          
  perl-sort-2.04-481.1.el9_6.noarch                                             
  perl-srpm-macros-1-41.el9.noarch                                              
  perl-subs-1.03-481.1.el9_6.noarch                                             
  perl-threads-1:2.25-460.el9.x86_64                                            
  perl-threads-shared-1.61-460.el9.0.1.x86_64                                   
  perl-utils-5.32.1-481.1.el9_6.noarch                                          
  perl-vars-1.05-481.1.el9_6.noarch                                             
  perl-version-7:0.99.28-4.el9.x86_64                                           
  perl-vmsish-1.04-481.1.el9_6.noarch                                           
  phoronix-test-suite-10.8.4-2.el9.noarch                                       
  php-cli-8.0.30-5.el9_7.x86_64                                                 
  php-common-8.0.30-5.el9_7.x86_64                                              
  php-gd-8.0.30-5.el9_7.x86_64                                                  
  php-pdo-8.0.30-5.el9_7.x86_64                                                 
  php-process-8.0.30-5.el9_7.x86_64                                             
  php-xml-8.0.30-5.el9_7.x86_64                                                 
  pkgconf-1.7.3-10.el9.x86_64                                                   
  pkgconf-m4-1.7.3-10.el9.noarch                                                
  pkgconf-pkg-config-1.7.3-10.el9.x86_64                                        
  pyproject-srpm-macros-1.16.2-1.el9.noarch                                     
  python-srpm-macros-3.9-54.el9.noarch                                          
  python3-pyparsing-2.4.7-9.el9.0.1.noarch                                      
  qt5-srpm-macros-5.15.9-1.el9.noarch                                           
  redhat-rpm-config-210-1.el9.noarch                                            
  rust-srpm-macros-17-4.el9.noarch                                              
  sombok-2.4.0-16.el9.x86_64                                                    
  spirv-tools-libs-2025.2-1.el9.x86_64                                          
  systemtap-sdt-devel-5.3-3.el9.0.1.x86_64                                      
  systemtap-sdt-dtrace-5.3-3.el9.0.1.x86_64                                     
  unzip-6.0-59.el9.x86_64                                                       
  xml-common-0.6.3-58.el9.noarch                                                
  zip-3.0-35.el9.x86_64                                                         

Complete!
Phoronix Test Suite installed successfully.
--- Pre-run System Checks ---
INFO: cpufreq interface not available (VM or container); skipping governor check.
INFO: Thermal sensors not available; skipping temperature check.
OK: System load (0.91) is within normal range for 8 CPUs.
OK: CPU steal time is 0.0% (below 5% threshold).
------------------------------
Setting up Phoronix Test Suite in batch mode (RunAllTestCombinations=Y)...

Updated OpenBenchmarking.org Repository Index
pts: 571 Distinct Tests, 2646 Test Versions, 58 Suites
Available Changes From 3 July 2022 To 13 March
New Test:       pts/3dmark               v1.0.0  3DMark Wild Life Extreme                          
New Test:       pts/3dmark-solar-bay     v1.0.0  3DMark Solar Bay Extreme                          
Updated Test:   pts/ai-benchmark         v1.0.2  AI Benchmark Alpha                                
Updated Test:   pts/aircrack-ng          v1.3.0  Aircrack-ng                                       
Updated Test:   pts/aom-av1              v3.12.0 AOM AV1                                           
Updated Test:   pts/apache               v3.0.0  Apache HTTP Server                                
New Test:       pts/apache-iotdb         v1.2.0  Apache IoTDB                                      
Updated Test:   pts/apache-siege         v1.1.0  Apache Siege                                      
Updated Test:   pts/arrayfire            v1.2.1  ArrayFire                                         
Updated Test:   pts/astcenc              v1.6.0  ASTC Encoder                                      
Updated Test:   pts/avifenc              v1.4.1  libavif avifenc                                   
New Test:       pts/axs2mlperf           v1.0.0  axs2mlperf                                        
Updated Test:   pts/basis                v1.2.0  Basis Universal                                   
Updated Test:   pts/batman-knight        v1.0.1  Batman: Arkham Knight                             
Updated Test:   pts/blender              v5.0.0  Blender                                           
Updated Test:   pts/blosc                v1.3.0  C-Blosc                                           
New Test:       pts/breaking-limit       v1.0.1  GPUScore: Breaking Limit                          
Updated Test:   pts/brl-cad              v1.7.1  BRL-CAD                                           
Updated Test:   pts/build-apache         v1.7.0  Timed Apache Compilation                          
Updated Test:   pts/build-eigen          v1.2.0  Timed Eigen Compilation                           
Updated Test:   pts/build-erlang         v1.3.0  Timed Erlang/OTP Compilation                      
Updated Test:   pts/build-ffmpeg         v7.0.0  Timed FFmpeg Compilation                          
Updated Test:   pts/build-gcc            v1.5.0  Timed GCC Compilation                             
Updated Test:   pts/build-gdb            v1.2.0  Timed GDB GNU Debugger Compilation                
Updated Test:   pts/build-gem5           v1.1.0  Timed Gem5 Compilation                            
Updated Test:   pts/build-godot          v4.5.0  Timed Godot Game Engine Compilation               
Updated Test:   pts/build-imagemagick    v1.8.0  Timed ImageMagick Compilation                     
Updated Test:   pts/build-linux-kernel   v1.17.1 Timed Linux Kernel Compilation                    
Updated Test:   pts/build-llvm           v1.6.0  Timed LLVM Compilation                            
Updated Test:   pts/build-mesa           v1.1.0  Timed Mesa Compilation                            
Updated Test:   pts/build-nodejs         v1.5.1  Timed Node.js Compilation                         
Updated Test:   pts/build-php            v1.8.0  Timed PHP Compilation                             
New Test:       pts/build-python         v1.0.0  Timed CPython Compilation                         
Updated Test:   pts/build-wasmer         v1.2.0  Timed Wasmer Compilation                          
Updated Test:   pts/build2               v1.3.0  Build2                                            
Updated Test:   pts/byte                 v1.4.0  BYTE Unix Benchmark                               
Updated Test:   pts/c-ray                v2.0.0  C-Ray                                             
Updated Test:   pts/cachebench           v1.2.0  CacheBench                                        
Updated Test:   pts/cassandra            v1.3.1  Apache Cassandra                                  
Updated Test:   pts/clickhouse           v1.4.0  ClickHouse                                        
Updated Test:   pts/cloudsuite-da        v1.2.0  CloudSuite Data Analytics                         
Updated Test:   pts/cloudsuite-ga        v1.1.0  CloudSuite Graph Analytics                        
Updated Test:   pts/cloudsuite-ma        v1.1.0  CloudSuite In-Memory Analytics                    
Updated Test:   pts/cloudsuite-ms        v1.0.1  CloudSuite Media Streaming                        
Updated Test:   pts/cloudsuite-ws        v1.1.0  CloudSuite Web Serving                            
Updated Test:   pts/cloverleaf           v1.3.0  CloverLeaf                                        
Updated Test:   pts/clpeak               v1.1.0  clpeak                                            
New Test:       pts/cockroach            v1.1.0  CockroachDB                                       
Updated Test:   pts/compress-7zip        v1.12.0 7-Zip Compression                                 
Updated Test:   pts/compress-lz4         v1.10.0 LZ4 Compression                                   
Updated Test:   pts/compress-pbzip2      v1.6.1  Parallel BZIP2 Compression                        
Updated Test:   pts/compress-zstd        v1.6.0  Zstd Compression                                  
Updated Test:   pts/couchdb              v1.5.0  Apache CouchDB                                    
Updated Test:   pts/cp2k                 v1.5.0  CP2K Molecular Dynamics                           
Updated Test:   pts/cpuminer-opt         v1.8.0  Cpuminer-Opt                                      
Updated Test:   pts/cryptopp             v1.1.0  Crypto++                                          
New Test:       pts/cs2                  v1.1.0  Counter-Strike 2                                  
Updated Test:   pts/csgo                 v1.7.2  Counter-Strike: Global Offensive                  
New Test:       pts/cyberpunk2077        v1.0.1  Cyberpunk 2077                                    
Updated Test:   pts/dacapobench          v1.1.0  DaCapo Benchmark                                  
Updated Test:   pts/daphne               v1.1.0  Darmstadt Automotive Parallel Heterogeneous Suite 
Updated Test:   pts/dav1d                v1.16.0 dav1d                                             
Updated Test:   pts/ddnet                v1.4.1  DDraceNetwork                                     
New Test:       pts/deeprec              v1.0.2  DeepRec                                           
New Test:       pts/deepsparse           v1.7.0  Neural Magic DeepSparse                           
New Test:       pts/dolfinx              v1.0.0  FEniCS Dolfinx                                    
Updated Test:   pts/draco                v1.6.1  Google Draco                                      
New Test:       pts/dragonflydb          v1.1.0  Dragonflydb                                       
New Test:       pts/duckdb               v1.2.0  DuckDB                                            
New Test:       pts/easywave             v1.0.0  easyWave                                          
Updated Test:   pts/embree               v1.7.0  Embree                                            
Updated Test:   pts/encode-flac          v1.9.0  FLAC Audio Encoding                               
Updated Test:   pts/encode-opus          v1.5.0  Opus Codec Encoding                               
Updated Test:   pts/encode-wavpack       v1.5.0  WavPack Audio Encoding                            
New Test:       pts/encodec              v1.0.1  EnCodec                                           
New Test:       pts/epoch                v1.0.0  Epoch                                             
Updated Test:   pts/espeak               v1.7.0  eSpeak-NG Speech Engine                           
New Test:       pts/etcd                 v1.0.0  etcd                                              
Updated Test:   pts/etcpak               v2.0.0  Etcpak                                            
Updated Test:   pts/ethr                 v1.2.1  Ethr                                              
Updated Test:   pts/etlegacy             v1.3.0  ET: Legacy                                        
Updated Test:   pts/f12021               v1.0.1  F1 2021                                           
New Test:       pts/f122                 v1.0.3  F1 22                                             
New Test:       pts/faiss                v1.0.1  Faiss                                             
Updated Test:   pts/ffmpeg               v7.0.2  FFmpeg                                            
Updated Test:   pts/fio                  v2.2.0  Flexible IO Tester                                
New Test:       pts/fluidx3d             v1.5.0  FluidX3D                                          
New Test:       pts/furmark              v1.0.0  FurMark                                           
Updated Test:   pts/gcrypt               v1.2.0  Gcrypt Library                                    
Updated Test:   pts/geekbench            v6.5.0  Geekbench                                         
Updated Test:   pts/glibc-bench          v1.9.0  Glibc Benchmarks                                  
Updated Test:   pts/glmark2              v1.4.0  GLmark2                                           
Updated Test:   pts/gpaw                 v1.3.0  GPAW                                              
New Test:       pts/gpuowl               v1.1.0  GpuOwl                                            
Updated Test:   pts/graph500             v1.0.2  Graph500                                          
Updated Test:   pts/graphics-magick      v2.2.0  GraphicsMagick                                    
Updated Test:   pts/gravitymark          v1.10.0 GravityMark                                       
Updated Test:   pts/gromacs              v1.11.0 GROMACS                                           
New Test:       pts/gta5                 v1.0.0  Grand Theft Auto V                                
New Test:       pts/hadoop               v1.0.0  Apache Hadoop                                     
Updated Test:   pts/hammerdb-mariadb     v1.1.0  HammerDB - MariaDB                                
Updated Test:   pts/hammerdb-postgresql  v1.1.1  HammerDB - PostgreSQL                             
Updated Test:   pts/hashcat              v1.3.1  Hashcat                                           
Updated Test:   pts/hbase                v1.1.0  Apache HBase                                      
New Test:       pts/heffte               v1.1.0  HeFFTe - Highly Efficient FFT for Exascale        
Updated Test:   pts/hitman               v1.0.2  HITMAN                                            
Updated Test:   pts/hitman3              v1.0.1  HITMAN 3                                          
Updated Test:   pts/hmmer                v1.4.0  HMMer Search                                      
Updated Test:   pts/hpcg                 v1.3.0  High Performance Conjugate Gradient               
New Test:       pts/iggy                 v1.0.0  Apache Iggy                                       
Updated Test:   pts/incompact3d          v2.1.0  Xcompact3d Incompact3d                            
Updated Test:   pts/influxdb             v1.0.2  InfluxDB                                          
Updated Test:   pts/intel-mlc            v1.2.0  Intel Memory Latency Checker                      
New Test:       pts/intel-tensorflow     v1.0.0  Intel TensorFlow                                  
Updated Test:   pts/iperf                v1.2.0  iPerf                                             
Updated Test:   pts/java-scimark2        v1.2.0  Java SciMark                                      
Updated Test:   pts/john-the-ripper      v1.9.0  John The Ripper                                   
Updated Test:   pts/jpegxl               v1.6.0  JPEG-XL libjxl                                    
Updated Test:   pts/jpegxl-decode        v1.6.0  JPEG-XL Decoding libjxl                           
Updated Test:   pts/keydb                v1.4.0  KeyDB                                             
Updated Test:   pts/kripke               v1.2.1  Kripke                                            
Updated Test:   pts/kvazaar              v1.2.0  Kvazaar                                           
Updated Test:   pts/l4d2                 v1.0.1  Left 4 Dead 2                                     
New Test:       pts/laghos               v1.1.0  Laghos                                            
Updated Test:   pts/lammps               v1.5.0  LAMMPS Molecular Dynamics Simulator               
Updated Test:   pts/lczero               v1.9.0  LeelaChessZero                                    
Updated Test:   pts/leveldb              v1.1.1  LevelDB                                           
Updated Test:   pts/libplacebo           v1.2.0  Libplacebo                                        
New Test:       pts/libxsmm              v1.0.1  libxsmm                                           
Updated Test:   pts/liquid-dsp           v1.7.0  Liquid-DSP                                        
New Test:       pts/litert               v1.0.0  LiteRT                                            
New Test:       pts/llama-cpp            v2.4.1  Llama.cpp                                         
New Test:       pts/llamafile            v1.3.0  Llamafile                                         
New Test:       pts/localscore           v1.0.0  LocalScore                                        
Updated Test:   pts/lzbench              v1.2.0  lzbench                                           
New Test:       pts/mariadb              v1.2.0  MariaDB                                           
Updated Test:   pts/mbw                  v1.1.0  MBW                                               
New Test:       pts/memcached            v1.2.0  Memcached                                         
Updated Test:   pts/memtier-benchmark    v1.5.0  Redis 7.0.12 + memtier_benchmark                  
New Test:       pts/minibude             v1.0.0  miniBUDE                                          
Updated Test:   pts/minion               v1.6.0  Minion                                            
Updated Test:   pts/mixbench             v2.0.0  Mixbench                                          
Updated Test:   pts/mnn                  v3.4.0  Mobile Neural Network                             
Updated Test:   pts/mocassin             v1.1.0  Monte Carlo Simulations of Ionised Nebulae        
Updated Test:   pts/mt-dgemm             v1.3.1  ACES DGEMM                                        
Updated Test:   pts/mysqlslap            v1.6.0  MariaDB mariadb-slap                              
Updated Test:   pts/namd                 v1.4.0  NAMD                                              
Updated Test:   pts/namd-cuda            v1.2.0  NAMD CUDA                                         
Updated Test:   pts/natron               v1.1.0  Natron                                            
Updated Test:   pts/ncnn                 v1.6.0  NCNN                                              
Updated Test:   pts/neatbench            v1.1.0  NeatBench                                         
New Test:       pts/nekrs                v1.2.0  nekRS                                             
Updated Test:   pts/nginx                v3.0.1  nginx                                             
Updated Test:   pts/ngspice              v1.1.0  Ngspice                                           
Updated Test:   pts/node-web-tooling     v1.0.1  Node.js V8 Web Tooling Benchmark                  
Updated Test:   pts/numenta-nab          v1.1.1  Numenta Anomaly Benchmark                         
Updated Test:   pts/nwchem               v1.3.0  NWChem                                            
New Test:       pts/ocudu                v1.0.0  OCUDU                                             
Updated Test:   pts/oidn                 v2.4.0  Intel Open Image Denoise                          
New Test:       pts/ollama               v1.0.0  ollama                                            
Updated Test:   pts/onednn               v3.8.0  oneDNN                                            
Updated Test:   pts/onnx                 v1.24.0 ONNX Runtime                                      
New Test:       pts/openapv              v1.0.0  OpenAPV                                           
New Test:       pts/opencl-benchmark     v1.1.0  ProjectPhysX OpenCL-Benchmark                     
Updated Test:   pts/opencv               v1.3.0  OpenCV                                            
New Test:       pts/openems              v1.0.0  OpenEMS                                           
Updated Test:   pts/openfoam             v1.2.0  OpenFOAM                                          
New Test:       pts/openradioss          v1.3.0  OpenRadioss                                       
Updated Test:   pts/openssl              v3.6.0  OpenSSL                                           
Updated Test:   pts/openvino             v1.9.0  OpenVINO                                          
New Test:       pts/openvino-genai       v1.3.0  OpenVINO GenAI                                    
Updated Test:   pts/openvkl              v2.0.0  OpenVKL                                           
Updated Test:   pts/ospray               v3.2.0  OSPRay                                            
Updated Test:   pts/ospray-studio        v1.4.0  OSPRay Studio                                     
New Test:       pts/palabos              v1.0.1  Palabos                                           
Updated Test:   pts/paraview             v1.4.1  ParaView                                          
Updated Test:   pts/perf-bench           v1.1.0  perf-bench                                        
New Test:       pts/petsc                v1.1.0  PETSc                                             
Updated Test:   pts/pgbench              v1.17.0 PostgreSQL                                        
New Test:       pts/pogocache            v1.0.0  Pogocache                                         
Updated Test:   pts/portal2              v1.1.2  Portal 2                                          
Updated Test:   pts/primesieve           v1.12.0 Primesieve                                        
Updated Test:   pts/pyperformance        v1.1.0  PyPerformance                                     
New Test:       pts/pytorch              v1.3.0  PyTorch                                           
Updated Test:   pts/qmcpack              v1.10.0 QMCPACK                                           
New Test:       pts/quadray              v1.0.0  QuadRay                                           
Updated Test:   pts/quake2rtx            v1.8.0  Quake II RTX                                      
Updated Test:   pts/quantlib             v2.2.0  QuantLib                                          
New Test:       pts/quicksilver          v1.0.0  Quicksilver                                       
New Test:       pts/rabbitmq             v1.1.1  RabbitMQ                                          
Updated Test:   pts/rav1e                v1.8.0  rav1e                                             
Updated Test:   pts/redis                v1.5.0  Redis                                             
Updated Test:   pts/relion               v1.2.0  RELION                                            
New Test:       pts/remhos               v1.0.1  Remhos                                            
Updated Test:   pts/renaissance          v1.4.0  Renaissance                                       
Updated Test:   pts/rnnoise              v1.1.0  RNNoise                                           
Updated Test:   pts/rocksdb              v1.7.0  RocksDB                                           
New Test:       pts/rocm-vllm            v1.0.0  vLLM                                              
Updated Test:   pts/rtiv                 v1.2.0  Ray Tracing In Vulkan                             
New Test:       pts/rustls               v1.0.0  Rustls                                            
Updated Test:   pts/schbench             v1.2.0  Schbench                                          
Updated Test:   pts/scikit-learn         v2.0.0  Scikit-Learn                                      
New Test:       pts/scylladb             v1.0.0  ScyllaDB                                          
Updated Test:   pts/simdjson             v2.2.0  simdjson                                          
Updated Test:   pts/smhasher             v1.1.0  SMHasher                                          
New Test:       pts/spacy                v1.1.0  spaCy                                             
New Test:       pts/spark                v1.0.1  Apache Spark                                      
New Test:       pts/spark-tpcds          v1.0.0  Apache Spark TPC-DS                               
New Test:       pts/spark-tpch           v1.0.0  Apache Spark TPC-H                                
Updated Test:   pts/spec-jbb2015         v1.1.0  SPECjbb 2015                                      
New Test:       pts/specfem3d            v1.1.1  SPECFEM3D                                         
New Test:       pts/speedb               v1.1.0  Speedb                                            
Updated Test:   pts/sqlite               v2.3.0  SQLite                                            
Updated Test:   pts/srsran               v2.5.0  srsRAN Project                                    
New Test:       pts/star-swarm           v1.0.0  Star Swarm Stress Test                            
Updated Test:   pts/stargate             v1.1.0  Stargate Digital Audio Workstation                
Updated Test:   pts/stockfish            v1.7.0  Stockfish                                         
Updated Test:   pts/strange-brigade      v1.0.1  Strange Brigade                                   
Updated Test:   pts/stream               v1.3.4  Stream                                            
Updated Test:   pts/stress-ng            v1.13.0 Stress-NG                                         
New Test:       pts/su2                  v1.0.1  SU2                                               
Updated Test:   pts/supertuxkart         v1.8.1  SuperTuxKart                                      
Updated Test:   pts/svt-av1              v2.17.0 SVT-AV1                                           
New Test:       pts/svt-jpeg-xs          v1.0.0  SVT-JPEG-XS                                       
Updated Test:   pts/tensorflow           v2.3.0  TensorFlow                                        
Updated Test:   pts/tf2                  v1.2.4  Team Fortress 2                                   
New Test:       pts/tidb                 v1.0.3  TiDB Community Server                             
New Test:       pts/tigerbeetle          v1.0.0  TigerBeetle                                       
Updated Test:   pts/ttsiod-renderer      v1.8.0  TTSIOD 3D Renderer                                
Updated Test:   pts/tww3                 v1.0.1  Total War: WARHAMMER III                          
Updated Test:   pts/unigine-heaven       v1.6.6  Unigine Heaven                                    
Updated Test:   pts/unigine-super        v1.0.8  Unigine Superposition                             
Updated Test:   pts/unigine-valley       v1.1.9  Unigine Valley                                    
Updated Test:   pts/unpack-linux         v1.2.0  Unpacking The Linux Kernel                        
Updated Test:   pts/unvanquished         v1.10.0 Unvanquished                                      
New Test:       pts/uvg266               v1.1.0  uvg266                                            
Updated Test:   pts/v-ray                v1.5.0  Chaos Group V-RAY                                 
New Test:       pts/valkey               v1.1.0  Valkey                                            
Updated Test:   pts/vkfft                v1.3.0  VkFFT                                             
Updated Test:   pts/vkmark               v1.3.2  VKMark                                            
Updated Test:   pts/vkpeak               v1.3.0  vkpeak                                            
Updated Test:   pts/vkresample           v1.0.2  VkResample                                        
New Test:       pts/vllm                 v1.0.1  vLLM                                              
New Test:       pts/vllm-cpu             v1.0.0  vLLM CPU                                          
Updated Test:   pts/vpxenc               v3.2.0  VP9 libvpx Encoding                               
New Test:       pts/vvenc                v1.14.0 VVenC                                             
Updated Test:   pts/waifu2x-ncnn         v1.1.0  Waifu2x-NCNN Vulkan                               
New Test:       pts/warpx                v1.1.0  WarpX                                             
Updated Test:   pts/webp                 v1.4.0  WebP Image Encode                                 
Updated Test:   pts/webp2                v1.2.1  WebP2 Image Encode                                
New Test:       pts/whisper-cpp          v1.1.0  Whisper.cpp                                       
New Test:       pts/whisperfile          v1.0.0  Whisperfile                                       
New Test:       pts/will-it-scale        v1.0.0  will-it-scale                                     
Updated Test:   pts/wrf                  v1.1.0  WRF                                               
Updated Test:   pts/x265                 v1.5.0  x265                                              
Updated Test:   pts/xmrig                v1.3.0  Xmrig                                             
New Test:       pts/xnnpack              v1.1.0  XNNPACK                                           
Updated Test:   pts/xonotic              v1.7.0  Xonotic                                           
New Test:       pts/xplane12             v1.0.1  X-Plane                                           
Updated Test:   pts/y-cruncher           v1.5.0  Y-Cruncher                                        
New Test:       pts/yugabytedb           v1.0.0  YugabyteDB                                        
New Test:       pts/z3                   v1.0.1  Z3 Theorem Prover                                 
New Test:       pts/zendnn-tensorflow    v1.0.0  AMD ZenDNN TensorFlow                             
New Suite:      pts/avx512               v1.0.0  AVX-512 Capable Tests                             
Updated Suite:  pts/compilation          v1.2.8  Timed Code Compilation                            
Updated Suite:  pts/cryptography         v1.2.7  Cryptography                                      
Updated Suite:  pts/database             v1.3.15 Database Test Suite                               
Updated Suite:  pts/desktop-graphics     v1.3.1  Desktop Graphics                                  
Updated Suite:  pts/electronic-design    v1.0.1  Electronic Design                                 
Updated Suite:  pts/hpc                  v1.1.13 HPC - High Performance Computing                  
Updated Suite:  pts/imaging              v1.0.10 Imaging                                           
Updated Suite:  pts/java                 v1.1.2  Java                                              
Updated Suite:  pts/kernel               v1.2.4  Common Kernel Benchmarks                          
New Suite:      pts/llm                  v1.0.3  GenAI / Large Language Models                     
Updated Suite:  pts/machine-learning     v1.3.15 Machine Learning                                  
Updated Suite:  pts/molecular-dynamics   v1.1.3  Molecular Dynamics                                
Updated Suite:  pts/opencl               v1.1.2  OpenCL Capable Benchmarks                         
Updated Suite:  pts/raytracing           v1.0.3  Raytracing                                        
Updated Suite:  pts/renderers            v1.0.6  Renderers                                         
Updated Suite:  pts/scientific-computing v1.0.4  Scientific Computing                              
Updated Suite:  pts/server               v1.4.2  Server                                            
Updated Suite:  pts/steam                v1.0.10 Steam                                             
New Suite:      pts/synthetics           v1.0.0  Synthetic Benchmarks                              
Updated Suite:  pts/video-encoding       v1.3.7  Video Encoding                                    
Updated OpenBenchmarking.org Repository Index
system: 50 Distinct Tests, 152 Test Versions
Available Changes From 3 July 2022 To 13 March
Updated Test:  system/blender         v1.2.2  Blender                 
New Test:      system/cephfs-rados    v1.0.1  CephFS RADOS Benchmark  
New Test:      system/compress-7zip   v1.0.0  7-Zip Compression       
New Test:      system/cp2k            v1.0.0  CP2K Molecular Dynamics 
New Test:      system/graphics-magick v1.0.0  GraphicsMagick          
New Test:      system/gromacs         v1.0.0  GROMACS                 
New Test:      system/hashcat         v1.0.0  Hashcat                 
Updated Test:  system/inkscape        v1.0.1  Inkscape                
Updated Test:  system/openssl         v1.2.1  OpenSSL                 
New Test:      system/povray          v1.0.0  POV-Ray                 
Updated Test:  system/selenium        v1.0.46 Selenium                
New Test:      system/stockfish       v1.0.0  Stockfish               
New Test:      system/x265            v1.0.0  x265                    
Updated OpenBenchmarking.org Repository Index
git: 9 Distinct Tests, 12 Test Versions
Available Changes From 3 July 2022 To 13 March
New Test:  git/clickhouse v1.0.0 ClickHouse 

These are the default configuration options for when running the Phoronix Test Suite in a batch mode (i.e. running phoronix-test-suite batch-benchmark universe). Running in a batch mode is designed to be as autonomous as possible, except for where you'd like any end-user interaction.

    Save test results when in batch mode (Y/n):     Open the web browser automatically when in batch mode (y/N):     Auto upload the results to OpenBenchmarking.org (Y/n):     Prompt for test identifier (Y/n):     Prompt for test description (Y/n):     Prompt for saved results file-name (Y/n):     Run all test options (Y/n): 
Batch settings saved.


Installing test: pts/build-linux-kernel

    Evaluating External Test Dependencies ..................................
    Evaluating System Dependencies .........................................

The following dependencies are needed and will be installed: 

- bc
- elfutils-libelf-devel

This process may take several minutes.
Last metadata expiration check: 0:01:21 ago on Fri 13 Mar 2026 07:13:55 PM UTC.
Dependencies resolved.
================================================================================
 Package                  Arch      Version                  Repository    Size
================================================================================
Installing:
 bc                       x86_64    1.07.1-14.el9            baseos       118 k
 elfutils-libelf-devel    x86_64    0.193-1.el9.rocky.0.1    appstream     46 k
Installing dependencies:
 libzstd-devel            x86_64    1.5.5-1.el9              appstream     50 k
 zlib-devel               x86_64    1.2.11-40.el9            appstream     44 k

Transaction Summary
================================================================================
Install  4 Packages

Total download size: 258 k
Installed size: 612 k
Downloading Packages:
(1/4): libzstd-devel-1.5.5-1.el9.x86_64.rpm     137 kB/s |  50 kB     00:00    
(2/4): bc-1.07.1-14.el9.x86_64.rpm              249 kB/s | 118 kB     00:00    
(3/4): elfutils-libelf-devel-0.193-1.el9.rocky.  87 kB/s |  46 kB     00:00    
(4/4): zlib-devel-1.2.11-40.el9.x86_64.rpm      188 kB/s |  44 kB     00:00    
--------------------------------------------------------------------------------
Total                                            59 kB/s | 258 kB     00:04     
Running transaction check
Transaction check succeeded.
Running transaction test
Transaction test succeeded.
Running transaction
  Preparing        :                                                        1/1 
  Installing       : zlib-devel-1.2.11-40.el9.x86_64                        1/4 
  Installing       : libzstd-devel-1.5.5-1.el9.x86_64                       2/4 
  Installing       : elfutils-libelf-devel-0.193-1.el9.rocky.0.1.x86_64     3/4 
  Installing       : bc-1.07.1-14.el9.x86_64                                4/4 
  Running scriptlet: bc-1.07.1-14.el9.x86_64                                4/4 
  Verifying        : bc-1.07.1-14.el9.x86_64                                1/4 
  Verifying        : elfutils-libelf-devel-0.193-1.el9.rocky.0.1.x86_64     2/4 
  Verifying        : libzstd-devel-1.5.5-1.el9.x86_64                       3/4 
  Verifying        : zlib-devel-1.2.11-40.el9.x86_64                        4/4 

Installed:
  bc-1.07.1-14.el9.x86_64                                                       
  elfutils-libelf-devel-0.193-1.el9.rocky.0.1.x86_64                            
  libzstd-devel-1.5.5-1.el9.x86_64                                              
  zlib-devel-1.2.11-40.el9.x86_64                                               

Complete!

Phoronix Test Suite v10.8.4

    To Install:    pts/build-linux-kernel-1.17.1

    Determining File Requirements ..........................................
    Searching Download Caches ..............................................

    1 Test To Install
        1 File To Download [145MB]
        982MB Of Disk Space Is Needed
        2 Seconds Estimated Install Time

    pts/build-linux-kernel-1.17.1:
        Test Installation 1 of 1
        1 File Needed [145 MB]
        Downloading: linux-6.15.tar.xz                               [145MB]
        Downloading ........................................................
        Approximate Install Size: 982 MB
        Estimated Install Time: 2 Seconds
        Installing Test @ 19:15:43


Installing test: pts/compress-7zip

    Evaluating External Test Dependencies ..................................

The following dependencies are needed and will be installed: 

- p7zip
- p7zip-plugins

This process may take several minutes.
Last metadata expiration check: 0:01:52 ago on Fri 13 Mar 2026 07:13:55 PM UTC.
Dependencies resolved.
================================================================================
 Package               Architecture   Version                Repository    Size
================================================================================
Installing:
 p7zip                 x86_64         16.02-31.el9           epel         638 k
 p7zip-plugins         x86_64         16.02-31.el9           epel         984 k

Transaction Summary
================================================================================
Install  2 Packages

Total download size: 1.6 M
Installed size: 4.2 M
Downloading Packages:
(1/2): p7zip-plugins-16.02-31.el9.x86_64.rpm    2.2 MB/s | 984 kB     00:00    
(2/2): p7zip-16.02-31.el9.x86_64.rpm            465 kB/s | 638 kB     00:01    
--------------------------------------------------------------------------------
Total                                           946 kB/s | 1.6 MB     00:01     
Running transaction check
Transaction check succeeded.
Running transaction test
Transaction test succeeded.
Running transaction
  Preparing        :                                                        1/1 
  Installing       : p7zip-plugins-16.02-31.el9.x86_64                      1/2 
  Installing       : p7zip-16.02-31.el9.x86_64                              2/2 
  Running scriptlet: p7zip-16.02-31.el9.x86_64                              2/2 
  Verifying        : p7zip-16.02-31.el9.x86_64                              1/2 
  Verifying        : p7zip-plugins-16.02-31.el9.x86_64                      2/2 

Installed:
  p7zip-16.02-31.el9.x86_64          p7zip-plugins-16.02-31.el9.x86_64         

Complete!

Phoronix Test Suite v10.8.4

    To Install:    pts/compress-7zip-1.12.0

    Determining File Requirements ..........................................
    Searching Download Caches ..............................................

    1 Test To Install
        1 File To Download [1.46MB]
        16MB Of Disk Space Is Needed
        26 Seconds Estimated Install Time

    pts/compress-7zip-1.12.0:
        Test Installation 1 of 1
        1 File Needed [1.46 MB / 1 Minute]
        Downloading: 7z2500-src.tar.xz                              [1.46MB]
        Estimated Download Time: 1m ........................................
        Approximate Install Size: 16 MB
        Estimated Install Time: 26 Seconds
        Installing Test @ 19:15:53


Installing test: pts/c-ray

    Evaluating External Test Dependencies ..................................

Phoronix Test Suite v10.8.4

    To Install:    pts/c-ray-2.0.0

    Determining File Requirements ..........................................
    Searching Download Caches ..............................................

    1 Test To Install
        1 File To Download [0.04MB]
        6MB Of Disk Space Is Needed
        4 Seconds Estimated Install Time

    pts/c-ray-2.0.0:
        Test Installation 1 of 1
        1 File Needed [0.04 MB / 1 Minute]
        Downloading: c-ray-2.0.tar.gz                               [0.04MB]
        Estimated Download Time: 1m ........................................
        Approximate Install Size: 6.0 MB
        Estimated Install Time: 4 Seconds
        Installing Test @ 19:16:17


Installing test: pts/openssl

    Evaluating External Test Dependencies ..................................

Phoronix Test Suite v10.8.4

    To Install:    pts/openssl-3.6.0

    Determining File Requirements ..........................................
    Searching Download Caches ..............................................

    1 Test To Install
        1 File To Download [52.43MB]
        430MB Of Disk Space Is Needed
        2 Minutes, 52 Seconds Estimated Install Time

    pts/openssl-3.6.0:
        Test Installation 1 of 1
        1 File Needed [52.43 MB / 1 Minute]
        Downloading: openssl-3.6.0.tar.gz                          [52.43MB]
        Estimated Download Time: 1m ........................................
        Approximate Install Size: 430 MB
        Estimated Install Time: 2 Minutes, 52 Seconds
        Installing Test @ 19:16:25


Installing test: pts/stockfish

    Evaluating External Test Dependencies ..................................

Phoronix Test Suite v10.8.4

    To Install:    pts/stockfish-1.7.0

    Determining File Requirements ..........................................
    Searching Download Caches ..............................................

    1 Test To Install
        1 File To Download [0.21MB]
        12MB Of Disk Space Is Needed
        1 Minute, 4 Seconds Estimated Install Time

    pts/stockfish-1.7.0:
        Test Installation 1 of 1
        1 File Needed [0.21 MB / 1 Minute]
        Downloading: Stockfish-sf_17.1.tar.gz                       [0.21MB]
        Estimated Download Time: 1m ........................................
        Approximate Install Size: 12 MB
        Estimated Install Time: 1 Minute, 4 Seconds
        Installing Test @ 19:18:20


--- Detecting CPU Resources ---
Sockets:          1
Cores per socket: 8
Threads per core: 1
Total threads:    8
--------------------------------
Runs per test: 3
Results will be uploaded with the following details:
  Name: cpu-E5-2680v2-rocky-9
  Identifier: cpu-E5-2680v2-rocky-9
  Description: Rocky Linux 9 - 8 vCPU E5-2680v2
System snapshot saved to: /home/cloudadmin/cpu-E5-2680v2-rocky-9-system-snapshot.txt

=== Starting CPU Benchmark ===
Test profile: pts/build-linux-kernel
--- Warmup run (result discarded) ---


Phoronix Test Suite v10.8.4
System Information


  PROCESSOR:              Intel Xeon E5-2680 v2
    Core Count:           8                                 
    Extensions:           SSE 4.2 + AVX + RDRAND + FSGSBASE 
    Cache Size:           16 MB                             
    Microcode:            0x42d                             
    Core Family:          Ivy Bridge                        

  GRAPHICS:               

  MOTHERBOARD:            QEMU Standard PC
    BIOS Version:         4.2025.05-2      

  MEMORY:                 1 x 16 GB RAM QEMU

  DISK:                   32GB QEMU HDD
    File-System:          xfs                                                               
    Mount Options:        attr2 inode64 logbsize=32k logbufs=8 noquota relatime rw seclabel 
    Disk Scheduler:       NONE                                                              
    Disk Details:         Block Size: 4096                                                  

  OPERATING SYSTEM:       Rocky Linux 9.7
    Kernel:               5.14.0-611.5.1.el9_7.x86_64 (x86_64)                                                                                                        
    Compiler:             GCC 11.5.0 20240719                                                                                                                         
    System Layer:         KVM                                                                                                                                         
    Security:             SELinux                                                                                                                                     
                          + gather_data_sampling: Not affected                                                                                                        
                          + indirect_target_selection: Not affected                                                                                                   
                          + itlb_multihit: Not affected                                                                                                               
                          + l1tf: Mitigation of PTE Inversion; VMX: flush not necessary SMT disabled                                                                  
                          + mds: Vulnerable: Clear buffers attempted no microcode; SMT Host state unknown                                                             
                          + meltdown: Mitigation of PTI                                                                                                               
                          + mmio_stale_data: Unknown: No mitigations                                                                                                  
                          + reg_file_data_sampling: Not affected                                                                                                      
                          + retbleed: Not affected                                                                                                                    
                          + spec_rstack_overflow: Not affected                                                                                                        
                          + spec_store_bypass: Mitigation of SSB disabled via prctl                                                                                   
                          + spectre_v1: Mitigation of usercopy/swapgs barriers and __user pointer sanitization                                                        
                          + spectre_v2: Mitigation of Retpolines; IBPB: conditional; IBRS_FW; STIBP: disabled; RSB filling; PBRSB-eIBRS: Not affected; BHI: Retpoline 
                          + srbds: Not affected                                                                                                                       
                          + tsa: Not affected                                                                                                                         
                          + tsx_async_abort: Not affected                                                                                                             


Timed Linux Kernel Compilation 6.15:
    pts/build-linux-kernel-1.17.1 [Build: defconfig]
    Test 1 of 2
    Estimated Trial Run Count:    1                      
    Estimated Test Run-Time:      9 Minutes              
    Estimated Time To Completion: 17 Minutes [19:35 UTC] 
        Running Pre-Test Script @ 19:19:33
        Started Run 1 @ 19:20:03
        Running Post-Test Script @ 19:26:59

    Build: defconfig:
        413.901

    Average: 413.901 Seconds
    Samples: 1

Timed Linux Kernel Compilation 6.15:
    pts/build-linux-kernel-1.17.1 [Build: allmodconfig]
    Test 2 of 2
    Estimated Trial Run Count:    1                     
    Estimated Time To Completion: 7 Minutes [19:34 UTC] 
        Running Pre-Test Script @ 19:27:12
        Started Run 1 @ 19:27:44
        Running Post-Test Script @ 21:11:50

    Build: allmodconfig:
        6244.43

    Average: 6244.43 Seconds
    Samples: 1


--- Timed runs (3) ---


Phoronix Test Suite v10.8.4
System Information


  PROCESSOR:              Intel Xeon E5-2680 v2
    Core Count:           8                                 
    Extensions:           SSE 4.2 + AVX + RDRAND + FSGSBASE 
    Cache Size:           16 MB                             
    Microcode:            0x42d                             
    Core Family:          Ivy Bridge                        

  GRAPHICS:               

  MOTHERBOARD:            QEMU Standard PC
    BIOS Version:         4.2025.05-2      

  MEMORY:                 1 x 16 GB RAM QEMU

  DISK:                   32GB QEMU HDD
    File-System:          xfs                                                               
    Mount Options:        attr2 inode64 logbsize=32k logbufs=8 noquota relatime rw seclabel 
    Disk Scheduler:       NONE                                                              
    Disk Details:         Block Size: 4096                                                  

  OPERATING SYSTEM:       Rocky Linux 9.7
    Kernel:               5.14.0-611.5.1.el9_7.x86_64 (x86_64)                                                                                                        
    Compiler:             GCC 11.5.0 20240719                                                                                                                         
    System Layer:         KVM                                                                                                                                         
    Security:             SELinux                                                                                                                                     
                          + gather_data_sampling: Not affected                                                                                                        
                          + indirect_target_selection: Not affected                                                                                                   
                          + itlb_multihit: Not affected                                                                                                               
                          + l1tf: Mitigation of PTE Inversion; VMX: flush not necessary SMT disabled                                                                  
                          + mds: Vulnerable: Clear buffers attempted no microcode; SMT Host state unknown                                                             
                          + meltdown: Mitigation of PTI                                                                                                               
                          + mmio_stale_data: Unknown: No mitigations                                                                                                  
                          + reg_file_data_sampling: Not affected                                                                                                      
                          + retbleed: Not affected                                                                                                                    
                          + spec_rstack_overflow: Not affected                                                                                                        
                          + spec_store_bypass: Mitigation of SSB disabled via prctl                                                                                   
                          + spectre_v1: Mitigation of usercopy/swapgs barriers and __user pointer sanitization                                                        
                          + spectre_v2: Mitigation of Retpolines; IBPB: conditional; IBRS_FW; STIBP: disabled; RSB filling; PBRSB-eIBRS: Not affected; BHI: Retpoline 
                          + srbds: Not affected                                                                                                                       
                          + tsa: Not affected                                                                                                                         
                          + tsx_async_abort: Not affected                                                                                                             


Timed Linux Kernel Compilation 6.15:
    pts/build-linux-kernel-1.17.1 [Build: defconfig]
    Test 1 of 2
    Estimated Trial Run Count:    3                                      
    Estimated Test Run-Time:      21 Minutes                             
    Estimated Time To Completion: 5 Hours, 33 Minutes [02:45 UTC Mar 14] 
        Running Pre-Test Script @ 21:12:09
        Started Run 1 @ 21:12:42
        Running Interim Test Script @ 21:19:36
        Started Run 2 @ 21:19:45
        Running Interim Test Script @ 21:26:16
        Started Run 3 @ 21:26:24
        Running Post-Test Script @ 21:33:09

    Build: defconfig:
        412.251
        388.622
        402.853

    Average: 401.242 Seconds
    Deviation: 2.96%

Timed Linux Kernel Compilation 6.15:
    pts/build-linux-kernel-1.17.1 [Build: allmodconfig]
    Test 2 of 2
    Estimated Trial Run Count:    3                                      
    Estimated Time To Completion: 5 Hours, 13 Minutes [02:45 UTC Mar 14] 
        Running Pre-Test Script @ 21:33:22
        Started Run 1 @ 21:33:57
        Running Interim Test Script @ 23:21:01
        Started Run 2 @ 23:21:22
        Running Interim Test Script @ 01:05:05
        Started Run 3 @ 01:05:20
        Running Post-Test Script @ 02:41:19

    Build: allmodconfig:
        6422.652
        6221.242
        5757.059

    Average: 6133.651 Seconds
    Deviation: 5.56%



=== Starting CPU Benchmark ===
Test profile: pts/compress-7zip
--- Warmup run (result discarded) ---


Phoronix Test Suite v10.8.4
System Information


  PROCESSOR:              Intel Xeon E5-2680 v2
    Core Count:           8                                 
    Extensions:           SSE 4.2 + AVX + RDRAND + FSGSBASE 
    Cache Size:           16 MB                             
    Microcode:            0x42d                             
    Core Family:          Ivy Bridge                        

  GRAPHICS:               

  MOTHERBOARD:            QEMU Standard PC
    BIOS Version:         4.2025.05-2      

  MEMORY:                 1 x 16 GB RAM QEMU

  DISK:                   32GB QEMU HDD
    File-System:          xfs                                                               
    Mount Options:        attr2 inode64 logbsize=32k logbufs=8 noquota relatime rw seclabel 
    Disk Scheduler:       NONE                                                              
    Disk Details:         Block Size: 4096                                                  

  OPERATING SYSTEM:       Rocky Linux 9.7
    Kernel:               5.14.0-611.5.1.el9_7.x86_64 (x86_64)                                                                                                        
    Compiler:             GCC 11.5.0 20240719                                                                                                                         
    System Layer:         KVM                                                                                                                                         
    Security:             SELinux                                                                                                                                     
                          + gather_data_sampling: Not affected                                                                                                        
                          + indirect_target_selection: Not affected                                                                                                   
                          + itlb_multihit: Not affected                                                                                                               
                          + l1tf: Mitigation of PTE Inversion; VMX: flush not necessary SMT disabled                                                                  
                          + mds: Vulnerable: Clear buffers attempted no microcode; SMT Host state unknown                                                             
                          + meltdown: Mitigation of PTI                                                                                                               
                          + mmio_stale_data: Unknown: No mitigations                                                                                                  
                          + reg_file_data_sampling: Not affected                                                                                                      
                          + retbleed: Not affected                                                                                                                    
                          + spec_rstack_overflow: Not affected                                                                                                        
                          + spec_store_bypass: Mitigation of SSB disabled via prctl                                                                                   
                          + spectre_v1: Mitigation of usercopy/swapgs barriers and __user pointer sanitization                                                        
                          + spectre_v2: Mitigation of Retpolines; IBPB: conditional; IBRS_FW; STIBP: disabled; RSB filling; PBRSB-eIBRS: Not affected; BHI: Retpoline 
                          + srbds: Not affected                                                                                                                       
                          + tsa: Not affected                                                                                                                         
                          + tsx_async_abort: Not affected                                                                                                             


7-Zip Compression 25.00:
    pts/compress-7zip-1.12.0
    Test 1 of 1
    Estimated Trial Run Count:    1                     
    Estimated Time To Completion: 2 Minutes [02:42 UTC] 
        Started Run 1 @ 02:41:36

    Test: Compression Rating:
        29419

    Average: 29419 MIPS
    Samples: 1


    Test: Decompression Rating:
        22637

    Average: 22637 MIPS
    Samples: 1


--- Timed runs (3) ---


Phoronix Test Suite v10.8.4
System Information


  PROCESSOR:              Intel Xeon E5-2680 v2
    Core Count:           8                                 
    Extensions:           SSE 4.2 + AVX + RDRAND + FSGSBASE 
    Cache Size:           16 MB                             
    Microcode:            0x42d                             
    Core Family:          Ivy Bridge                        

  GRAPHICS:               

  MOTHERBOARD:            QEMU Standard PC
    BIOS Version:         4.2025.05-2      

  MEMORY:                 1 x 16 GB RAM QEMU

  DISK:                   32GB QEMU HDD
    File-System:          xfs                                                               
    Mount Options:        attr2 inode64 logbsize=32k logbufs=8 noquota relatime rw seclabel 
    Disk Scheduler:       NONE                                                              
    Disk Details:         Block Size: 4096                                                  

  OPERATING SYSTEM:       Rocky Linux 9.7
    Kernel:               5.14.0-611.5.1.el9_7.x86_64 (x86_64)                                                                                                        
    Compiler:             GCC 11.5.0 20240719                                                                                                                         
    System Layer:         KVM                                                                                                                                         
    Security:             SELinux                                                                                                                                     
                          + gather_data_sampling: Not affected                                                                                                        
                          + indirect_target_selection: Not affected                                                                                                   
                          + itlb_multihit: Not affected                                                                                                               
                          + l1tf: Mitigation of PTE Inversion; VMX: flush not necessary SMT disabled                                                                  
                          + mds: Vulnerable: Clear buffers attempted no microcode; SMT Host state unknown                                                             
                          + meltdown: Mitigation of PTI                                                                                                               
                          + mmio_stale_data: Unknown: No mitigations                                                                                                  
                          + reg_file_data_sampling: Not affected                                                                                                      
                          + retbleed: Not affected                                                                                                                    
                          + spec_rstack_overflow: Not affected                                                                                                        
                          + spec_store_bypass: Mitigation of SSB disabled via prctl                                                                                   
                          + spectre_v1: Mitigation of usercopy/swapgs barriers and __user pointer sanitization                                                        
                          + spectre_v2: Mitigation of Retpolines; IBPB: conditional; IBRS_FW; STIBP: disabled; RSB filling; PBRSB-eIBRS: Not affected; BHI: Retpoline 
                          + srbds: Not affected                                                                                                                       
                          + tsa: Not affected                                                                                                                         
                          + tsx_async_abort: Not affected                                                                                                             


7-Zip Compression 25.00:
    pts/compress-7zip-1.12.0
    Test 1 of 1
    Estimated Trial Run Count:    3                     
    Estimated Time To Completion: 2 Minutes [02:44 UTC] 
        Started Run 1 @ 02:42:21
        Started Run 2 @ 02:43:03
        Started Run 3 @ 02:43:45

    Test: Compression Rating:
        27255
        29644
        28085

    Average: 28328 MIPS
    Deviation: 4.28%


    Test: Decompression Rating:
        22903
        21199
        21844

    Average: 21982 MIPS
    Deviation: 3.91%



=== Starting CPU Benchmark ===
Test profile: pts/c-ray
--- Warmup run (result discarded) ---


Phoronix Test Suite v10.8.4
System Information


  PROCESSOR:              Intel Xeon E5-2680 v2
    Core Count:           8                                 
    Extensions:           SSE 4.2 + AVX + RDRAND + FSGSBASE 
    Cache Size:           16 MB                             
    Microcode:            0x42d                             
    Core Family:          Ivy Bridge                        

  GRAPHICS:               

  MOTHERBOARD:            QEMU Standard PC
    BIOS Version:         4.2025.05-2      

  MEMORY:                 1 x 16 GB RAM QEMU

  DISK:                   32GB QEMU HDD
    File-System:          xfs                                                               
    Mount Options:        attr2 inode64 logbsize=32k logbufs=8 noquota relatime rw seclabel 
    Disk Scheduler:       NONE                                                              
    Disk Details:         Block Size: 4096                                                  

  OPERATING SYSTEM:       Rocky Linux 9.7
    Kernel:               5.14.0-611.5.1.el9_7.x86_64 (x86_64)                                                                                                        
    Compiler:             GCC 11.5.0 20240719                                                                                                                         
    System Layer:         KVM                                                                                                                                         
    Security:             SELinux                                                                                                                                     
                          + gather_data_sampling: Not affected                                                                                                        
                          + indirect_target_selection: Not affected                                                                                                   
                          + itlb_multihit: Not affected                                                                                                               
                          + l1tf: Mitigation of PTE Inversion; VMX: flush not necessary SMT disabled                                                                  
                          + mds: Vulnerable: Clear buffers attempted no microcode; SMT Host state unknown                                                             
                          + meltdown: Mitigation of PTI                                                                                                               
                          + mmio_stale_data: Unknown: No mitigations                                                                                                  
                          + reg_file_data_sampling: Not affected                                                                                                      
                          + retbleed: Not affected                                                                                                                    
                          + spec_rstack_overflow: Not affected                                                                                                        
                          + spec_store_bypass: Mitigation of SSB disabled via prctl                                                                                   
                          + spectre_v1: Mitigation of usercopy/swapgs barriers and __user pointer sanitization                                                        
                          + spectre_v2: Mitigation of Retpolines; IBPB: conditional; IBRS_FW; STIBP: disabled; RSB filling; PBRSB-eIBRS: Not affected; BHI: Retpoline 
                          + srbds: Not affected                                                                                                                       
                          + tsa: Not affected                                                                                                                         
                          + tsx_async_abort: Not affected                                                                                                             


C-Ray 2.0:
    pts/c-ray-2.0.0 [Resolution: 4K - Rays Per Pixel: 16]
    Test 1 of 3
    Estimated Trial Run Count:    1                      
    Estimated Test Run-Time:      4 Minutes              
    Estimated Time To Completion: 11 Minutes [02:54 UTC] 
        Started Run 1 @ 02:44:31

    Resolution: 4K - Rays Per Pixel: 16:
        722.042

    Average: 722.042 Seconds
    Samples: 1

C-Ray 2.0:
    pts/c-ray-2.0.0 [Resolution: 5K - Rays Per Pixel: 16]
    Test 2 of 3
    Estimated Trial Run Count:    1                      
    Estimated Test Run-Time:      13 Minutes             
    Estimated Time To Completion: 25 Minutes [03:20 UTC] 
        Started Run 1 @ 02:56:46

    Resolution: 5K - Rays Per Pixel: 16:
        1195.838

    Average: 1195.838 Seconds
    Samples: 1

C-Ray 2.0:
    pts/c-ray-2.0.0 [Resolution: 1080p - Rays Per Pixel: 16]
    Test 3 of 3
    Estimated Trial Run Count:    1                      
    Estimated Time To Completion: 17 Minutes [03:32 UTC] 
        Started Run 1 @ 03:16:55

    Resolution: 1080p - Rays Per Pixel: 16:
        164.769

    Average: 164.769 Seconds
    Samples: 1


--- Timed runs (3) ---


Phoronix Test Suite v10.8.4
System Information


  PROCESSOR:              Intel Xeon E5-2680 v2
    Core Count:           8                                 
    Extensions:           SSE 4.2 + AVX + RDRAND + FSGSBASE 
    Cache Size:           16 MB                             
    Microcode:            0x42d                             
    Core Family:          Ivy Bridge                        

  GRAPHICS:               

  MOTHERBOARD:            QEMU Standard PC
    BIOS Version:         4.2025.05-2      

  MEMORY:                 1 x 16 GB RAM QEMU

  DISK:                   32GB QEMU HDD
    File-System:          xfs                                                               
    Mount Options:        attr2 inode64 logbsize=32k logbufs=8 noquota relatime rw seclabel 
    Disk Scheduler:       NONE                                                              
    Disk Details:         Block Size: 4096                                                  

  OPERATING SYSTEM:       Rocky Linux 9.7
    Kernel:               5.14.0-611.5.1.el9_7.x86_64 (x86_64)                                                                                                        
    Compiler:             GCC 11.5.0 20240719                                                                                                                         
    System Layer:         KVM                                                                                                                                         
    Security:             SELinux                                                                                                                                     
                          + gather_data_sampling: Not affected                                                                                                        
                          + indirect_target_selection: Not affected                                                                                                   
                          + itlb_multihit: Not affected                                                                                                               
                          + l1tf: Mitigation of PTE Inversion; VMX: flush not necessary SMT disabled                                                                  
                          + mds: Vulnerable: Clear buffers attempted no microcode; SMT Host state unknown                                                             
                          + meltdown: Mitigation of PTI                                                                                                               
                          + mmio_stale_data: Unknown: No mitigations                                                                                                  
                          + reg_file_data_sampling: Not affected                                                                                                      
                          + retbleed: Not affected                                                                                                                    
                          + spec_rstack_overflow: Not affected                                                                                                        
                          + spec_store_bypass: Mitigation of SSB disabled via prctl                                                                                   
                          + spectre_v1: Mitigation of usercopy/swapgs barriers and __user pointer sanitization                                                        
                          + spectre_v2: Mitigation of Retpolines; IBPB: conditional; IBRS_FW; STIBP: disabled; RSB filling; PBRSB-eIBRS: Not affected; BHI: Retpoline 
                          + srbds: Not affected                                                                                                                       
                          + tsa: Not affected                                                                                                                         
                          + tsx_async_abort: Not affected                                                                                                             


C-Ray 2.0:
    pts/c-ray-2.0.0 [Resolution: 4K - Rays Per Pixel: 16]
    Test 1 of 3
    Estimated Trial Run Count:    3                              
    Estimated Test Run-Time:      37 Minutes                     
    Estimated Time To Completion: 1 Hour, 45 Minutes [05:04 UTC] 
        Started Run 1 @ 03:19:47
        Started Run 2 @ 03:30:50
        Started Run 3 @ 03:42:53

    Resolution: 4K - Rays Per Pixel: 16:
        656.452
        717.161
        713.602

    Average: 695.738 Seconds
    Deviation: 4.90%

C-Ray 2.0:
    pts/c-ray-2.0.0 [Resolution: 5K - Rays Per Pixel: 16]
    Test 2 of 3
    Estimated Trial Run Count:    3                             
    Estimated Test Run-Time:      1 Hour                        
    Estimated Time To Completion: 1 Hour, 9 Minutes [05:03 UTC] 
        Started Run 1 @ 03:54:58
        Started Run 2 @ 04:14:56
        Started Run 3 @ 04:36:04

    Resolution: 5K - Rays Per Pixel: 16:
        1190.347
        1261.162
        1326.57

    Average: 1259.360 Seconds
    Deviation: 5.41%

C-Ray 2.0:
    pts/c-ray-2.0.0 [Resolution: 1080p - Rays Per Pixel: 16]
    Test 3 of 3
    Estimated Trial Run Count:    3                     
    Estimated Time To Completion: 9 Minutes [05:06 UTC] 
        Started Run 1 @ 04:58:24
        Started Run 2 @ 05:01:32
        Started Run 3 @ 05:04:44

    Resolution: 1080p - Rays Per Pixel: 16:
        184.277
        187.006
        187.086

    Average: 186.123 Seconds
    Deviation: 0.86%



=== Starting CPU Benchmark ===
Test profile: pts/openssl
--- Warmup run (result discarded) ---


Phoronix Test Suite v10.8.4
System Information


  PROCESSOR:              Intel Xeon E5-2680 v2
    Core Count:           8                                 
    Extensions:           SSE 4.2 + AVX + RDRAND + FSGSBASE 
    Cache Size:           16 MB                             
    Microcode:            0x42d                             
    Core Family:          Ivy Bridge                        

  GRAPHICS:               

  MOTHERBOARD:            QEMU Standard PC
    BIOS Version:         4.2025.05-2      

  MEMORY:                 1 x 16 GB RAM QEMU

  DISK:                   32GB QEMU HDD
    File-System:          xfs                                                               
    Mount Options:        attr2 inode64 logbsize=32k logbufs=8 noquota relatime rw seclabel 
    Disk Scheduler:       NONE                                                              
    Disk Details:         Block Size: 4096                                                  

  OPERATING SYSTEM:       Rocky Linux 9.7
    Kernel:               5.14.0-611.5.1.el9_7.x86_64 (x86_64)                                                                                                        
    Compiler:             GCC 11.5.0 20240719                                                                                                                         
    System Layer:         KVM                                                                                                                                         
    Security:             SELinux                                                                                                                                     
                          + gather_data_sampling: Not affected                                                                                                        
                          + indirect_target_selection: Not affected                                                                                                   
                          + itlb_multihit: Not affected                                                                                                               
                          + l1tf: Mitigation of PTE Inversion; VMX: flush not necessary SMT disabled                                                                  
                          + mds: Vulnerable: Clear buffers attempted no microcode; SMT Host state unknown                                                             
                          + meltdown: Mitigation of PTI                                                                                                               
                          + mmio_stale_data: Unknown: No mitigations                                                                                                  
                          + reg_file_data_sampling: Not affected                                                                                                      
                          + retbleed: Not affected                                                                                                                    
                          + spec_rstack_overflow: Not affected                                                                                                        
                          + spec_store_bypass: Mitigation of SSB disabled via prctl                                                                                   
                          + spectre_v1: Mitigation of usercopy/swapgs barriers and __user pointer sanitization                                                        
                          + spectre_v2: Mitigation of Retpolines; IBPB: conditional; IBRS_FW; STIBP: disabled; RSB filling; PBRSB-eIBRS: Not affected; BHI: Retpoline 
                          + srbds: Not affected                                                                                                                       
                          + tsa: Not affected                                                                                                                         
                          + tsx_async_abort: Not affected                                                                                                             


OpenSSL 3.6:
    pts/openssl-3.6.0 [Algorithm: SHA256]
    Test 1 of 7
    Estimated Trial Run Count:    1                      
    Estimated Test Run-Time:      2 Minutes              
    Estimated Time To Completion: 13 Minutes [05:20 UTC] 
        Started Run 1 @ 05:07:59

    Algorithm: SHA256:
        1428326660

    Average: 1428326660 byte/s
    Samples: 1

OpenSSL 3.6:
    pts/openssl-3.6.0 [Algorithm: SHA512]
    Test 2 of 7
    Estimated Trial Run Count:    1                      
    Estimated Test Run-Time:      4 Minutes              
    Estimated Time To Completion: 19 Minutes [05:29 UTC] 
        Started Run 1 @ 05:11:10

    Algorithm: SHA512:
        1709933390

    Average: 1709933390 byte/s
    Samples: 1

OpenSSL 3.6:
    pts/openssl-3.6.0 [Algorithm: RSA4096]
    Test 3 of 7
    Estimated Trial Run Count:    1                      
    Estimated Test Run-Time:      4 Minutes              
    Estimated Time To Completion: 16 Minutes [05:29 UTC] 
        Started Run 1 @ 05:14:21

    Algorithm: RSA4096:
        879

    Average: 879 sign/s
    Samples: 1


    Algorithm: RSA4096:
        58389.5

    Average: 58389.5 verify/s
    Samples: 1

OpenSSL 3.6:
    pts/openssl-3.6.0 [Algorithm: ChaCha20]
    Test 4 of 7
    Estimated Trial Run Count:    1                      
    Estimated Test Run-Time:      4 Minutes              
    Estimated Time To Completion: 15 Minutes [05:34 UTC] 
        Started Run 1 @ 05:19:39

    Algorithm: ChaCha20:
        9851972810

    Average: 9851972810 byte/s
    Samples: 1

OpenSSL 3.6:
    pts/openssl-3.6.0 [Algorithm: AES-128-GCM]
    Test 5 of 7
    Estimated Trial Run Count:    1                      
    Estimated Test Run-Time:      4 Minutes              
    Estimated Time To Completion: 11 Minutes [05:33 UTC] 
        Started Run 1 @ 05:22:49

    Algorithm: AES-128-GCM:
        8774852880

    Average: 8774852880 byte/s
    Samples: 1

OpenSSL 3.6:
    pts/openssl-3.6.0 [Algorithm: AES-256-GCM]
    Test 6 of 7
    Estimated Trial Run Count:    1                     
    Estimated Test Run-Time:      4 Minutes             
    Estimated Time To Completion: 7 Minutes [05:32 UTC] 
        Started Run 1 @ 05:26:00

    Algorithm: AES-256-GCM:
        7709747340

    Average: 7709747340 byte/s
    Samples: 1

OpenSSL 3.6:
    pts/openssl-3.6.0 [Algorithm: ChaCha20-Poly1305]
    Test 7 of 7
    Estimated Trial Run Count:    1                     
    Estimated Time To Completion: 4 Minutes [05:32 UTC] 
        Started Run 1 @ 05:29:10

    Algorithm: ChaCha20-Poly1305:
        6648705020

    Average: 6648705020 byte/s
    Samples: 1


--- Timed runs (3) ---


Phoronix Test Suite v10.8.4
System Information


  PROCESSOR:              Intel Xeon E5-2680 v2
    Core Count:           8                                 
    Extensions:           SSE 4.2 + AVX + RDRAND + FSGSBASE 
    Cache Size:           16 MB                             
    Microcode:            0x42d                             
    Core Family:          Ivy Bridge                        

  GRAPHICS:               

  MOTHERBOARD:            QEMU Standard PC
    BIOS Version:         4.2025.05-2      

  MEMORY:                 1 x 16 GB RAM QEMU

  DISK:                   32GB QEMU HDD
    File-System:          xfs                                                               
    Mount Options:        attr2 inode64 logbsize=32k logbufs=8 noquota relatime rw seclabel 
    Disk Scheduler:       NONE                                                              
    Disk Details:         Block Size: 4096                                                  

  OPERATING SYSTEM:       Rocky Linux 9.7
    Kernel:               5.14.0-611.5.1.el9_7.x86_64 (x86_64)                                                                                                        
    Compiler:             GCC 11.5.0 20240719                                                                                                                         
    System Layer:         KVM                                                                                                                                         
    Security:             SELinux                                                                                                                                     
                          + gather_data_sampling: Not affected                                                                                                        
                          + indirect_target_selection: Not affected                                                                                                   
                          + itlb_multihit: Not affected                                                                                                               
                          + l1tf: Mitigation of PTE Inversion; VMX: flush not necessary SMT disabled                                                                  
                          + mds: Vulnerable: Clear buffers attempted no microcode; SMT Host state unknown                                                             
                          + meltdown: Mitigation of PTI                                                                                                               
                          + mmio_stale_data: Unknown: No mitigations                                                                                                  
                          + reg_file_data_sampling: Not affected                                                                                                      
                          + retbleed: Not affected                                                                                                                    
                          + spec_rstack_overflow: Not affected                                                                                                        
                          + spec_store_bypass: Mitigation of SSB disabled via prctl                                                                                   
                          + spectre_v1: Mitigation of usercopy/swapgs barriers and __user pointer sanitization                                                        
                          + spectre_v2: Mitigation of Retpolines; IBPB: conditional; IBRS_FW; STIBP: disabled; RSB filling; PBRSB-eIBRS: Not affected; BHI: Retpoline 
                          + srbds: Not affected                                                                                                                       
                          + tsa: Not affected                                                                                                                         
                          + tsx_async_abort: Not affected                                                                                                             


OpenSSL 3.6:
    pts/openssl-3.6.0 [Algorithm: SHA256]
    Test 1 of 7
    Estimated Trial Run Count:    3                              
    Estimated Test Run-Time:      10 Minutes                     
    Estimated Time To Completion: 1 Hour, 10 Minutes [06:41 UTC] 
        Started Run 1 @ 05:32:18
        Started Run 2 @ 05:35:23
        Started Run 3 @ 05:38:27

    Algorithm: SHA256:
        1486193400
        1548178480
        1595143000

    Average: 1543171627 byte/s
    Deviation: 3.54%

OpenSSL 3.6:
    pts/openssl-3.6.0 [Algorithm: SHA512]
    Test 2 of 7
    Estimated Trial Run Count:    3                            
    Estimated Test Run-Time:      10 Minutes                   
    Estimated Time To Completion: 1 Hour, 1 Minute [06:42 UTC] 
        Started Run 1 @ 05:41:37
        Started Run 2 @ 05:44:41
        Started Run 3 @ 05:47:45

    Algorithm: SHA512:
        1798789440
        1800425400
        1782364650

    Average: 1793859830 byte/s
    Deviation: 0.56%

OpenSSL 3.6:
    pts/openssl-3.6.0 [Algorithm: RSA4096]
    Test 3 of 7
    Estimated Trial Run Count:    3                      
    Estimated Test Run-Time:      16 Minutes             
    Estimated Time To Completion: 52 Minutes [06:42 UTC] 
        Started Run 1 @ 05:50:56
        Started Run 2 @ 05:56:04
        Started Run 3 @ 06:01:15

    Algorithm: RSA4096:
        964.5
        901.9
        945.5

    Average: 937.3 sign/s
    Deviation: 3.42%


    Algorithm: RSA4096:
        61574.8
        60626
        61088.2

    Average: 61096.3 verify/s
    Deviation: 0.78%

OpenSSL 3.6:
    pts/openssl-3.6.0 [Algorithm: ChaCha20]
    Test 4 of 7
    Estimated Trial Run Count:    3                      
    Estimated Test Run-Time:      10 Minutes             
    Estimated Time To Completion: 37 Minutes [06:42 UTC] 
        Started Run 1 @ 06:06:31
        Started Run 2 @ 06:09:35
        Started Run 3 @ 06:12:39

    Algorithm: ChaCha20:
        9866287790
        9960082090
        10021987670

    Average: 9949452517 byte/s
    Deviation: 0.79%

OpenSSL 3.6:
    pts/openssl-3.6.0 [Algorithm: AES-128-GCM]
    Test 5 of 7
    Estimated Trial Run Count:    3                      
    Estimated Test Run-Time:      10 Minutes             
    Estimated Time To Completion: 28 Minutes [06:42 UTC] 
        Started Run 1 @ 06:15:49
        Started Run 2 @ 06:18:53
        Started Run 3 @ 06:21:57

    Algorithm: AES-128-GCM:
        8883644830
        8924257760
        8543754920

    Average: 8783885837 byte/s
    Deviation: 2.38%

OpenSSL 3.6:
    pts/openssl-3.6.0 [Algorithm: AES-256-GCM]
    Test 6 of 7
    Estimated Trial Run Count:    3                      
    Estimated Test Run-Time:      10 Minutes             
    Estimated Time To Completion: 19 Minutes [06:43 UTC] 
        Started Run 1 @ 06:25:08
        Started Run 2 @ 06:28:12
        Started Run 3 @ 06:31:16

    Algorithm: AES-256-GCM:
        8000603480
        8008636010
        7991501620

    Average: 8000247037 byte/s
    Deviation: 0.11%

OpenSSL 3.6:
    pts/openssl-3.6.0 [Algorithm: ChaCha20-Poly1305]
    Test 7 of 7
    Estimated Trial Run Count:    3                      
    Estimated Time To Completion: 10 Minutes [06:43 UTC] 
        Started Run 1 @ 06:34:26
        Started Run 2 @ 06:37:30
        Started Run 3 @ 06:40:34

    Algorithm: ChaCha20-Poly1305:
        6887432190
        6762607410
        6912163020

    Average: 6854067540 byte/s
    Deviation: 1.17%



=== Starting CPU Benchmark ===
Test profile: pts/stockfish
--- Warmup run (result discarded) ---


Phoronix Test Suite v10.8.4
System Information


  PROCESSOR:              Intel Xeon E5-2680 v2
    Core Count:           8                                 
    Extensions:           SSE 4.2 + AVX + RDRAND + FSGSBASE 
    Cache Size:           16 MB                             
    Microcode:            0x42d                             
    Core Family:          Ivy Bridge                        

  GRAPHICS:               

  MOTHERBOARD:            QEMU Standard PC
    BIOS Version:         4.2025.05-2      

  MEMORY:                 1 x 16 GB RAM QEMU

  DISK:                   32GB QEMU HDD
    File-System:          xfs                                                               
    Mount Options:        attr2 inode64 logbsize=32k logbufs=8 noquota relatime rw seclabel 
    Disk Scheduler:       NONE                                                              
    Disk Details:         Block Size: 4096                                                  

  OPERATING SYSTEM:       Rocky Linux 9.7
    Kernel:               5.14.0-611.5.1.el9_7.x86_64 (x86_64)                                                                                                        
    Compiler:             GCC 11.5.0 20240719                                                                                                                         
    System Layer:         KVM                                                                                                                                         
    Security:             SELinux                                                                                                                                     
                          + gather_data_sampling: Not affected                                                                                                        
                          + indirect_target_selection: Not affected                                                                                                   
                          + itlb_multihit: Not affected                                                                                                               
                          + l1tf: Mitigation of PTE Inversion; VMX: flush not necessary SMT disabled                                                                  
                          + mds: Vulnerable: Clear buffers attempted no microcode; SMT Host state unknown                                                             
                          + meltdown: Mitigation of PTI                                                                                                               
                          + mmio_stale_data: Unknown: No mitigations                                                                                                  
                          + reg_file_data_sampling: Not affected                                                                                                      
                          + retbleed: Not affected                                                                                                                    
                          + spec_rstack_overflow: Not affected                                                                                                        
                          + spec_store_bypass: Mitigation of SSB disabled via prctl                                                                                   
                          + spectre_v1: Mitigation of usercopy/swapgs barriers and __user pointer sanitization                                                        
                          + spectre_v2: Mitigation of Retpolines; IBPB: conditional; IBRS_FW; STIBP: disabled; RSB filling; PBRSB-eIBRS: Not affected; BHI: Retpoline 
                          + srbds: Not affected                                                                                                                       
                          + tsa: Not affected                                                                                                                         
                          + tsx_async_abort: Not affected                                                                                                             


Stockfish 17.1:
    pts/stockfish-1.7.0
    Test 1 of 1
    Estimated Trial Run Count:    1                     
    Estimated Time To Completion: 2 Minutes [06:45 UTC] 
        Started Run 1 @ 06:43:42

    Chess Benchmark:
        3908427

    Average: 3908427 Nodes Per Second
    Samples: 1


--- Timed runs (3) ---


Phoronix Test Suite v10.8.4
System Information


  PROCESSOR:              Intel Xeon E5-2680 v2
    Core Count:           8                                 
    Extensions:           SSE 4.2 + AVX + RDRAND + FSGSBASE 
    Cache Size:           16 MB                             
    Microcode:            0x42d                             
    Core Family:          Ivy Bridge                        

  GRAPHICS:               

  MOTHERBOARD:            QEMU Standard PC
    BIOS Version:         4.2025.05-2      

  MEMORY:                 1 x 16 GB RAM QEMU

  DISK:                   32GB QEMU HDD
    File-System:          xfs                                                               
    Mount Options:        attr2 inode64 logbsize=32k logbufs=8 noquota relatime rw seclabel 
    Disk Scheduler:       NONE                                                              
    Disk Details:         Block Size: 4096                                                  

  OPERATING SYSTEM:       Rocky Linux 9.7
    Kernel:               5.14.0-611.5.1.el9_7.x86_64 (x86_64)                                                                                                        
    Compiler:             GCC 11.5.0 20240719                                                                                                                         
    System Layer:         KVM                                                                                                                                         
    Security:             SELinux                                                                                                                                     
                          + gather_data_sampling: Not affected                                                                                                        
                          + indirect_target_selection: Not affected                                                                                                   
                          + itlb_multihit: Not affected                                                                                                               
                          + l1tf: Mitigation of PTE Inversion; VMX: flush not necessary SMT disabled                                                                  
                          + mds: Vulnerable: Clear buffers attempted no microcode; SMT Host state unknown                                                             
                          + meltdown: Mitigation of PTI                                                                                                               
                          + mmio_stale_data: Unknown: No mitigations                                                                                                  
                          + reg_file_data_sampling: Not affected                                                                                                      
                          + retbleed: Not affected                                                                                                                    
                          + spec_rstack_overflow: Not affected                                                                                                        
                          + spec_store_bypass: Mitigation of SSB disabled via prctl                                                                                   
                          + spectre_v1: Mitigation of usercopy/swapgs barriers and __user pointer sanitization                                                        
                          + spectre_v2: Mitigation of Retpolines; IBPB: conditional; IBRS_FW; STIBP: disabled; RSB filling; PBRSB-eIBRS: Not affected; BHI: Retpoline 
                          + srbds: Not affected                                                                                                                       
                          + tsa: Not affected                                                                                                                         
                          + tsx_async_abort: Not affected                                                                                                             


Stockfish 17.1:
    pts/stockfish-1.7.0
    Test 1 of 1
    Estimated Trial Run Count:    3                     
    Estimated Time To Completion: 8 Minutes [06:54 UTC] 
        Started Run 1 @ 06:46:24
        Started Run 2 @ 06:49:04
        Started Run 3 @ 06:51:43

    Chess Benchmark:
        3862302
        3808256
        3808325

    Average: 3826294 Nodes Per Second
    Deviation: 0.81%


--- Collecting results to /home/cloudadmin/benchmark-results/cpu-E5-2680v2-rocky-9 ---
  Copied snapshot: cpu-E5-2680v2-rocky-9-system-snapshot.txt
  WARNING: PTS result directory not found for cpu-E5-2680v2-rocky-9
Results collected: 0 PTS result(s) + snapshot -> /home/cloudadmin/benchmark-results/cpu-E5-2680v2-rocky-9
  Owner: cloudadmin:cloudadmin
--- Uploading results to OpenBenchmarking.org ---
Uploading: cpu-E5-2680v2-rocky-9


    [PROBLEM] Invalid Argument: cpu-E5-2680v2-rocky-9 

CORRECT SYNTAX:
phoronix-test-suite upload-result [Test Result]


Recently Saved Test Results:
   cpu-e5-2680v2-rocky-9          [Today]
   warmup-cpu-e5-2680v2-rocky-9   [Today]


Possible Suggestions:
- cpu-e5-2680v2-rocky-9  [Test Result] 

All uploads complete.

=== Result Files ===
  /home/cloudadmin/benchmark-results/cpu-E5-2680v2-rocky-9/cpu-E5-2680v2-rocky-9-system-snapshot.txt

=== Benchmark Complete ===
