Detected openSUSE system
Adding benchmark repo for Leap 16.0...
  Python package: python313
  PHP packages:   php8-cli php8-dom php8-xmlreader php8-xmlwriter php8-zip php8-openssl php8-zlib php8-bz2 php8-pcntl
Refreshing service 'openSUSE'.
Loading repository data...
Reading installed packages...
'util-linux' is already installed.
No update candidate for 'util-linux-2.41.1-160000.2.2.x86_64'. The highest available version is already installed.
'python313' is already installed.
No update candidate for 'python313-3.13.12-160000.1.1.x86_64'. The highest available version is already installed.
'xfsprogs' is already installed.
No update candidate for 'xfsprogs-6.15.0-160000.1.2.x86_64'. The highest available version is already installed.
Resolving package dependencies...

The following 91 NEW packages are going to be installed:
  autoconf binutils bison bzip2 cpp cpp15 flex gcc gcc15 gcc15-c++ gcc-c++ glibc-devel info jitterentropy-devel libargon2-1 libasan8 libatomic1 libctf0 libctf-nobfd0 libdrm2 libdrm_amdgpu1 libdrm_intel1 libdrm_radeon1 libelf-devel libfl2 libfl-devel libgbm1 libgdbm6 libgdbm_compat4 libglvnd libgomp1 libhwasan0 libisl23 libitm1 libLLVM19 liblsan0 libmpc3 libopenssl-3-devel libopenssl-devel libpciaccess0 libSPIRV-Tools-2025_1_rc1 libstdc++6-devel-gcc15 libtsan2 libubsan1 libvulkan1 libwayland-client0 libwayland-server0 libX11-6 libX11-data libX11-xcb1 libXau6 libxcb1 libxcb-dri3-0 libxcb-glx0 libxcb-present0 libxcb-randr0 libxcb-shm0 libxcb-sync1 libxcb-xfixes0 libxcrypt-devel libXext6 libxshmfence1 libXxf86vm1 libzio1 libzip5 libz-ng-compat1 libzstd-devel linux-glibc-devel m4 make Mesa Mesa-demo-x Mesa-dri Mesa-gallium Mesa-libEGL1 Mesa-libGL1 Mesa-libglapi0 perl php8 php8-bz2 php8-cli php8-dom php8-openssl php8-pcntl php8-xmlreader php8-xmlwriter php8-zip php8-zlib system-user-wwwrun unzip zlib-ng-compat-devel

91 new packages to install.

Package download size:   172.9 MiB

Package install size change:
              |     711.3 MiB  required by packages that will be installed
   711.3 MiB  |  -      0 B    released by packages that will be removed

Backend:  classic_rpmtrans
Continue? [y/n/v/...? shows all options] (y): y
Preloading Packages [..
Preloading: libzstd-devel-1.5.7-160000.2.2.x86_64.rpm [done]
.
Preloading: libctf0-2.45-160000.1.1.x86_64.rpm [done]
.
Preloading: libdrm_intel1-2.4.124-160000.3.2.x86_64.rpm [done]
.
Preloading: cpp-15-160000.2.2.x86_64.rpm [done]
.
Preloading: info-7.1-160000.2.2.x86_64.rpm [done]
.
Preloading: libopenssl-3-devel-3.5.0-160000.6.1.x86_64.rpm [Error: "The requested URL returned error: 404", trying next mirror.]
..
Preloading: perl-5.42.0-160000.2.2.x86_64.rpm [done]
.
Preloading: flex-2.6.4-160000.2.2.x86_64.rpm [done]
.
Preloading: libxcb-dri3-0-1.17.0-160000.2.2.x86_64.rpm [done]
.
Preloading: libX11-6-1.8.10-160000.3.1.x86_64.rpm [done]
.
Preloading: libstdc++6-devel-gcc15-15.2.0+git10201-160000.1.1.x86_64.rpm [done]
.
Preloading: libxcb-glx0-1.17.0-160000.2.2.x86_64.rpm [done]
.
Preloading: libxcb-present0-1.17.0-160000.2.2.x86_64.rpm [done]
.
Preloading: libxcb-randr0-1.17.0-160000.2.2.x86_64.rpm [done]
.
Preloading: libxcb-shm0-1.17.0-160000.2.2.x86_64.rpm [done]
.
Preloading: libxcb-sync1-1.17.0-160000.2.2.x86_64.rpm [done]
.
Preloading: libxcb-xfixes0-1.17.0-160000.2.2.x86_64.rpm [done]
.
Preloading: binutils-2.45-160000.1.1.x86_64.rpm [done]
.
Preloading: php8-dom-8.4.16-160000.1.1.x86_64.rpm [done]
.
Preloading: php8-8.4.16-160000.1.1.x86_64.rpm [done]
.
Preloading: Mesa-24.3.3-160000.2.2.x86_64.rpm [done]
.
Preloading: bison-3.8.2-160000.2.2.x86_64.rpm [done]
..
Preloading: Mesa-demo-x-9.0.0-160000.2.2.x86_64.rpm [done]
.
Preloading: Mesa-libGL1-24.3.3-160000.2.2.x86_64.rpm [done]
.
Preloading: php8-bz2-8.4.16-160000.1.1.x86_64.rpm [done]
.
Preloading: Mesa-gallium-24.3.3-160000.2.2.x86_64.rpm [done]
.
Preloading: php8-pcntl-8.4.16-160000.1.1.x86_64.rpm [done]
.
Preloading: php8-zip-8.4.16-160000.1.1.x86_64.rpm [done]
.
Preloading: php8-zlib-8.4.16-160000.1.1.x86_64.rpm [done]
.
Preloading: gcc-c++-15-160000.2.2.x86_64.rpm [done]
.
Preloading: Mesa-libEGL1-24.3.3-160000.2.2.x86_64.rpm [done]
.
Preloading: php8-openssl-8.4.16-160000.1.1.x86_64.rpm [done]
.
Preloading: libglvnd-1.7.0-160000.3.2.x86_64.rpm [done]
.
Preloading: php8-xmlwriter-8.4.16-160000.1.1.x86_64.rpm [done]
..
Preloading: gcc-15-160000.2.2.x86_64.rpm [done]
.
Preloading: php8-cli-8.4.16-160000.1.1.x86_64.rpm [done]
.
Preloading: Mesa-dri-24.3.3-160000.2.2.x86_64.rpm [done]
.
Preloading: libXxf86vm1-1.1.6-160000.3.2.x86_64.rpm [done]
.
Preloading: php8-xmlreader-8.4.16-160000.1.1.x86_64.rpm [done]
.
Preloading: libelf-devel-0.192-160000.2.2.x86_64.rpm [done]
.
Preloading: gcc15-c++-15.2.0+git10201-160000.1.1.x86_64.rpm [done]
.
Preloading: libopenssl-devel-3.5.0-160000.2.2.noarch.rpm [done]
.
Preloading: autoconf-2.72-160000.2.2.noarch.rpm [done]
.
Preloading: libXext6-1.3.6-160000.3.2.x86_64.rpm [done]
..
Preloading: libwayland-server0-1.24.0-160000.1.2.x86_64.rpm [done]
.
Preloading: libgdbm6-1.24-160000.2.2.x86_64.rpm [done]
.
Preloading: libwayland-client0-1.24.0-160000.1.2.x86_64.rpm [done]
.
Preloading: libubsan1-15.2.0+git10201-160000.1.1.x86_64.rpm [done]
.
Preloading: glibc-devel-2.40-160000.3.1.x86_64.rpm [done]
.
Preloading: libvulkan1-1.4.309-160000.2.2.x86_64.rpm [done]
.
Preloading: liblsan0-15.2.0+git10201-160000.1.1.x86_64.rpm [Error: "The requested URL returned error: 404", trying next mirror.]
.
Preloading: libtsan2-15.2.0+git10201-160000.1.1.x86_64.rpm [done]
.
Preloading: libitm1-15.2.0+git10201-160000.1.1.x86_64.rpm [done]
.
Preloading: libisl23-0.26-160000.2.2.x86_64.rpm [done]
.
Preloading: libopenssl-3-devel-3.5.0-160000.6.1.x86_64.rpm [done]
.
Preloading: libhwasan0-15.2.0+git10201-160000.1.1.x86_64.rpm [done]
.
Preloading: libxcrypt-devel-4.4.38-160000.3.2.x86_64.rpm [done]
..
Preloading: gcc15-15.2.0+git10201-160000.1.1.x86_64.rpm [done]
.
Preloading: libfl2-2.6.4-160000.2.2.x86_64.rpm [done]
.
Preloading: libdrm2-2.4.124-160000.3.2.x86_64.rpm [done]
.
Preloading: libatomic1-15.2.0+git10201-160000.1.1.x86_64.rpm [done]
.
Preloading: libasan8-15.2.0+git10201-160000.1.1.x86_64.rpm [done]
.
Preloading: libargon2-1-20190702-160000.2.2.x86_64.rpm [done]
.
Preloading: libXau6-1.0.12-160000.2.2.x86_64.rpm [done]
.
Preloading: libX11-data-1.8.10-160000.3.1.noarch.rpm [done]
.
Preloading: libSPIRV-Tools-2025_1_rc1-2025.1~rc1-160000.2.2.x86_64.rpm [done]
.
Preloading: jitterentropy-devel-3.6.3-160000.2.2.x86_64.rpm [done]
.
Preloading: bzip2-1.0.8-160000.2.2.x86_64.rpm [done]
.
Preloading: liblsan0-15.2.0+git10201-160000.1.1.x86_64.rpm [done]
.
Preloading: libdrm_radeon1-2.4.124-160000.3.2.x86_64.rpm [done]
.
Preloading: libctf-nobfd0-2.45-160000.1.1.x86_64.rpm [done]
.
Preloading: libgomp1-15.2.0+git10201-160000.1.1.x86_64.rpm [done]
.
Preloading: libpciaccess0-0.18.1-160000.3.2.x86_64.rpm [done]
.
Preloading: libmpc3-1.3.1-160000.3.2.x86_64.rpm [done]
..
Preloading: libzip5-1.11.3-160000.2.2.x86_64.rpm [done]
.
Preloading: cpp15-15.2.0+git10201-160000.1.1.x86_64.rpm [done]
.
Preloading: libgdbm_compat4-1.24-160000.2.2.x86_64.rpm [done]
.
Preloading: libfl-devel-2.6.4-160000.2.2.x86_64.rpm [done]
.
Preloading: libdrm_amdgpu1-2.4.124-160000.3.2.x86_64.rpm [done]
.
Preloading: Mesa-libglapi0-24.3.3-160000.2.2.x86_64.rpm [done]
.
Preloading: libgbm1-24.3.3-160000.2.2.x86_64.rpm [done]
.
Preloading: libxcb1-1.17.0-160000.2.2.x86_64.rpm [done]
.
Preloading: libX11-xcb1-1.8.10-160000.3.1.x86_64.rpm [done]
.
Preloading: unzip-6.00-160000.2.2.x86_64.rpm [done]
.
Preloading: make-4.4.1-160000.3.2.x86_64.rpm [done]
.
Preloading: system-user-wwwrun-20170617-160000.2.2.noarch.rpm [done]
.
Preloading: m4-1.4.18-160000.2.2.x86_64.rpm [done]
.
Preloading: linux-glibc-devel-6.12-160000.2.2.x86_64.rpm [done]
.
Preloading: libz-ng-compat1-2.2.4-bp160.1.2.x86_64.rpm [done]
.
Preloading: libxshmfence1-1.3.2-160000.3.2.x86_64.rpm [done]
..
Preloading: zlib-ng-compat-devel-2.2.4-bp160.1.2.x86_64.rpm [done]
..
Preloading: libzio1-1.09-160000.2.2.x86_64.rpm [done]
..
Preloading: libLLVM19-19.1.7-160000.2.2.x86_64.rpm [done]
.done]
Retrieving: Mesa-libglapi0-24.3.3-160000.2.2.x86_64 (repo-oss (16.0)) (1/91), 276.4 KiB    
Retrieving: bzip2-1.0.8-160000.2.2.x86_64 (repo-oss (16.0)) (2/91),  49.7 KiB    
Retrieving: jitterentropy-devel-3.6.3-160000.2.2.x86_64 (repo-oss (16.0)) (3/91),  32.4 KiB    
Retrieving: libSPIRV-Tools-2025_1_rc1-2025.1~rc1-160000.2.2.x86_64 (repo-oss (16.0)) (4/91),   1.5 MiB    
Retrieving: libX11-data-1.8.10-160000.3.1.noarch (repo-oss (16.0)) (5/91), 167.5 KiB    
Retrieving: libXau6-1.0.12-160000.2.2.x86_64 (repo-oss (16.0)) (6/91),  17.0 KiB    
Retrieving: libargon2-1-20190702-160000.2.2.x86_64 (repo-oss (16.0)) (7/91),  20.5 KiB    
Retrieving: libasan8-15.2.0+git10201-160000.1.1.x86_64 (repo-oss (16.0)) (8/91), 496.1 KiB    
Retrieving: libatomic1-15.2.0+git10201-160000.1.1.x86_64 (repo-oss (16.0)) (9/91),  22.2 KiB    
Retrieving: libdrm2-2.4.124-160000.3.2.x86_64 (repo-oss (16.0)) (10/91), 107.8 KiB    
Retrieving: libfl2-2.6.4-160000.2.2.x86_64 (repo-oss (16.0)) (11/91), 104.6 KiB    
Retrieving: libgdbm6-1.24-160000.2.2.x86_64 (repo-oss (16.0)) (12/91),  59.8 KiB    
Retrieving: libgomp1-15.2.0+git10201-160000.1.1.x86_64 (repo-oss (16.0)) (13/91), 201.8 KiB    
Retrieving: libhwasan0-15.2.0+git10201-160000.1.1.x86_64 (repo-oss (16.0)) (14/91), 261.0 KiB    
Retrieving: libisl23-0.26-160000.2.2.x86_64 (repo-oss (16.0)) (15/91), 686.7 KiB    
Retrieving: libitm1-15.2.0+git10201-160000.1.1.x86_64 (repo-oss (16.0)) (16/91),  40.7 KiB    
Retrieving: liblsan0-15.2.0+git10201-160000.1.1.x86_64 (repo-oss (16.0)) (17/91), 216.4 KiB    
Retrieving: libmpc3-1.3.1-160000.3.2.x86_64 (repo-oss (16.0)) (18/91),  67.5 KiB    
Retrieving: libtsan2-15.2.0+git10201-160000.1.1.x86_64 (repo-oss (16.0)) (19/91), 424.3 KiB    
Retrieving: libubsan1-15.2.0+git10201-160000.1.1.x86_64 (repo-oss (16.0)) (20/91), 197.5 KiB    
Retrieving: libvulkan1-1.4.309-160000.2.2.x86_64 (repo-oss (16.0)) (21/91), 156.2 KiB    
Retrieving: libwayland-client0-1.24.0-160000.1.2.x86_64 (repo-oss (16.0)) (22/91),  47.8 KiB    
Retrieving: libwayland-server0-1.24.0-160000.1.2.x86_64 (repo-oss (16.0)) (23/91),  54.2 KiB    
Retrieving: libxcrypt-devel-4.4.38-160000.3.2.x86_64 (repo-oss (16.0)) (24/91),  36.7 KiB    
Retrieving: libxshmfence1-1.3.2-160000.3.2.x86_64 (repo-oss (16.0)) (25/91),  12.0 KiB    
Retrieving: libz-ng-compat1-2.2.4-bp160.1.2.x86_64 (repo-oss (16.0)) (26/91),  89.7 KiB    
Retrieving: linux-glibc-devel-6.12-160000.2.2.x86_64 (repo-oss (16.0)) (27/91),   1.4 MiB    
Retrieving: m4-1.4.18-160000.2.2.x86_64 (repo-oss (16.0)) (28/91), 221.0 KiB    
Retrieving: make-4.4.1-160000.3.2.x86_64 (repo-oss (16.0)) (29/91), 332.8 KiB    
Retrieving: system-user-wwwrun-20170617-160000.2.2.noarch (repo-oss (16.0)) (30/91),  12.7 KiB    
Retrieving: unzip-6.00-160000.2.2.x86_64 (repo-oss (16.0)) (31/91), 116.6 KiB    
Retrieving: libX11-xcb1-1.8.10-160000.3.1.x86_64 (repo-oss (16.0)) (32/91),  42.8 KiB    
Retrieving: libxcb1-1.17.0-160000.2.2.x86_64 (repo-oss (16.0)) (33/91),  63.9 KiB    
Retrieving: libgbm1-24.3.3-160000.2.2.x86_64 (repo-oss (16.0)) (34/91), 258.9 KiB    
Retrieving: libdrm_radeon1-2.4.124-160000.3.2.x86_64 (repo-oss (16.0)) (35/91),  90.7 KiB    
Retrieving: libdrm_amdgpu1-2.4.124-160000.3.2.x86_64 (repo-oss (16.0)) (36/91),  93.5 KiB    
Retrieving: libfl-devel-2.6.4-160000.2.2.x86_64 (repo-oss (16.0)) (37/91), 104.1 KiB    
Retrieving: libgdbm_compat4-1.24-160000.2.2.x86_64 (repo-oss (16.0)) (38/91),  34.5 KiB    
Retrieving: zlib-ng-compat-devel-2.2.4-bp160.1.2.x86_64 (repo-oss (16.0)) (39/91),  48.0 KiB    
Retrieving: libzip5-1.11.3-160000.2.2.x86_64 (repo-oss (16.0)) (40/91),  77.1 KiB    
Retrieving: libzio1-1.09-160000.2.2.x86_64 (repo-oss (16.0)) (41/91),  29.9 KiB    
Retrieving: libpciaccess0-0.18.1-160000.3.2.x86_64 (repo-oss (16.0)) (42/91),  29.1 KiB    
Retrieving: libctf-nobfd0-2.45-160000.1.1.x86_64 (repo-oss (16.0)) (43/91), 212.3 KiB    
Retrieving: libLLVM19-19.1.7-160000.2.2.x86_64 (repo-oss (16.0)) (44/91),  28.3 MiB    
Retrieving: cpp15-15.2.0+git10201-160000.1.1.x86_64 (repo-oss (16.0)) (45/91),  13.2 MiB    
Retrieving: glibc-devel-2.40-160000.3.1.x86_64 (repo-oss (16.0)) (46/91), 813.2 KiB    
Retrieving: bison-3.8.2-160000.2.2.x86_64 (repo-oss (16.0)) (47/91), 663.9 KiB    
Retrieving: php8-cli-8.4.16-160000.1.1.x86_64 (repo-oss (16.0)) (48/91),   2.4 MiB    
Retrieving: php8-8.4.16-160000.1.1.x86_64 (repo-oss (16.0)) (49/91), 281.8 KiB    
Retrieving: php8-dom-8.4.16-160000.1.1.x86_64 (repo-oss (16.0)) (50/91), 748.6 KiB    
Retrieving: libxcb-xfixes0-1.17.0-160000.2.2.x86_64 (repo-oss (16.0)) (51/91),  28.7 KiB    
Retrieving: libxcb-sync1-1.17.0-160000.2.2.x86_64 (repo-oss (16.0)) (52/91),  28.0 KiB    
Retrieving: libxcb-shm0-1.17.0-160000.2.2.x86_64 (repo-oss (16.0)) (53/91),  24.6 KiB    
Retrieving: libxcb-randr0-1.17.0-160000.2.2.x86_64 (repo-oss (16.0)) (54/91),  36.1 KiB    
Retrieving: libxcb-present0-1.17.0-160000.2.2.x86_64 (repo-oss (16.0)) (55/91),  24.7 KiB    
Retrieving: libxcb-glx0-1.17.0-160000.2.2.x86_64 (repo-oss (16.0)) (56/91),  42.5 KiB    
Retrieving: libxcb-dri3-0-1.17.0-160000.2.2.x86_64 (repo-oss (16.0)) (57/91),  26.0 KiB    
Retrieving: libX11-6-1.8.10-160000.3.1.x86_64 (repo-oss (16.0)) (58/91), 668.0 KiB    
Retrieving: flex-2.6.4-160000.2.2.x86_64 (repo-oss (16.0)) (59/91), 389.0 KiB    
Retrieving: perl-5.42.0-160000.2.2.x86_64 (repo-oss (16.0)) (60/91),   8.3 MiB    
Retrieving: libopenssl-3-devel-3.5.0-160000.6.1.x86_64 (repo-oss (16.0)) (61/91), 439.4 KiB    
Retrieving: info-7.1-160000.2.2.x86_64 (repo-oss (16.0)) (62/91), 169.6 KiB    
Retrieving: libdrm_intel1-2.4.124-160000.3.2.x86_64 (repo-oss (16.0)) (63/91), 133.3 KiB    
Retrieving: libctf0-2.45-160000.1.1.x86_64 (repo-oss (16.0)) (64/91), 210.9 KiB    
Retrieving: binutils-2.45-160000.1.1.x86_64 (repo-oss (16.0)) (65/91),   7.8 MiB    
Retrieving: cpp-15-160000.2.2.x86_64 (repo-oss (16.0)) (66/91),  15.1 KiB    
Retrieving: libzstd-devel-1.5.7-160000.2.2.x86_64 (repo-oss (16.0)) (67/91),  79.5 KiB    
Retrieving: libstdc++6-devel-gcc15-15.2.0+git10201-160000.1.1.x86_64 (repo-oss (16.0)) (68/91),  13.9 MiB    
Retrieving: php8-openssl-8.4.16-160000.1.1.x86_64 (repo-oss (16.0)) (69/91), 291.9 KiB    
Retrieving: libXext6-1.3.6-160000.3.2.x86_64 (repo-oss (16.0)) (70/91),  37.3 KiB    
Retrieving: libopenssl-devel-3.5.0-160000.2.2.noarch (repo-oss (16.0)) (71/91),  77.6 KiB    
Retrieving: autoconf-2.72-160000.2.2.noarch (repo-oss (16.0)) (72/91), 802.3 KiB    
Retrieving: gcc15-15.2.0+git10201-160000.1.1.x86_64 (repo-oss (16.0)) (73/91),  43.5 MiB    
Retrieving: libelf-devel-0.192-160000.2.2.x86_64 (repo-oss (16.0)) (74/91), 789.8 KiB    
Retrieving: php8-xmlreader-8.4.16-160000.1.1.x86_64 (repo-oss (16.0)) (75/91), 230.6 KiB    
Retrieving: libXxf86vm1-1.1.6-160000.3.2.x86_64 (repo-oss (16.0)) (76/91),  17.0 KiB    
Retrieving: gcc15-c++-15.2.0+git10201-160000.1.1.x86_64 (repo-oss (16.0)) (77/91),  14.7 MiB    
Retrieving: gcc-15-160000.2.2.x86_64 (repo-oss (16.0)) (78/91),  16.1 KiB    
Retrieving: php8-xmlwriter-8.4.16-160000.1.1.x86_64 (repo-oss (16.0)) (79/91), 228.2 KiB    
Retrieving: Mesa-24.3.3-160000.2.2.x86_64 (repo-oss (16.0)) (80/91), 257.7 KiB    
Retrieving: Mesa-dri-24.3.3-160000.2.2.x86_64 (repo-oss (16.0)) (81/91),   9.7 MiB    
Retrieving: libglvnd-1.7.0-160000.3.2.x86_64 (repo-oss (16.0)) (82/91), 253.7 KiB    
Retrieving: Mesa-libEGL1-24.3.3-160000.2.2.x86_64 (repo-oss (16.0)) (83/91), 380.4 KiB    
Retrieving: gcc-c++-15-160000.2.2.x86_64 (repo-oss (16.0)) (84/91),  14.9 KiB    
Retrieving: php8-zlib-8.4.16-160000.1.1.x86_64 (repo-oss (16.0)) (85/91), 233.3 KiB    
Retrieving: php8-zip-8.4.16-160000.1.1.x86_64 (repo-oss (16.0)) (86/91), 243.7 KiB    
Retrieving: php8-pcntl-8.4.16-160000.1.1.x86_64 (repo-oss (16.0)) (87/91), 231.6 KiB    
Retrieving: php8-bz2-8.4.16-160000.1.1.x86_64 (repo-oss (16.0)) (88/91), 224.0 KiB    
Retrieving: Mesa-libGL1-24.3.3-160000.2.2.x86_64 (repo-oss (16.0)) (89/91), 395.5 KiB    
Retrieving: Mesa-gallium-24.3.3-160000.2.2.x86_64 (repo-oss (16.0)) (90/91),  13.3 MiB    
Retrieving: Mesa-demo-x-9.0.0-160000.2.2.x86_64 (repo-oss (16.0)) (91/91),  74.8 KiB    

Checking for file conflicts: [........done]
( 1/91) Installing: Mesa-libglapi0-24.3.3-160000.2.2.x86_64 [..done]
( 2/91) Installing: bzip2-1.0.8-160000.2.2.x86_64 [..done]
( 3/91) Installing: jitterentropy-devel-3.6.3-160000.2.2.x86_64 [..done]
( 4/91) Installing: libSPIRV-Tools-2025_1_rc1-2025.1~rc1-160000.2.2.x86_64 [..done]
( 5/91) Installing: libX11-data-1.8.10-160000.3.1.noarch [..done]
( 6/91) Installing: libXau6-1.0.12-160000.2.2.x86_64 [..done]
( 7/91) Installing: libargon2-1-20190702-160000.2.2.x86_64 [..done]
( 8/91) Installing: libasan8-15.2.0+git10201-160000.1.1.x86_64 [..done]
( 9/91) Installing: libatomic1-15.2.0+git10201-160000.1.1.x86_64 [..done]
(10/91) Installing: libdrm2-2.4.124-160000.3.2.x86_64 [..done]
(11/91) Installing: libfl2-2.6.4-160000.2.2.x86_64 [..done]
(12/91) Installing: libgdbm6-1.24-160000.2.2.x86_64 [..done]
(13/91) Installing: libgomp1-15.2.0+git10201-160000.1.1.x86_64 [..done]
(14/91) Installing: libhwasan0-15.2.0+git10201-160000.1.1.x86_64 [..done]
(15/91) Installing: libisl23-0.26-160000.2.2.x86_64 [..done]
(16/91) Installing: libitm1-15.2.0+git10201-160000.1.1.x86_64 [..done]
(17/91) Installing: liblsan0-15.2.0+git10201-160000.1.1.x86_64 [..done]
(18/91) Installing: libmpc3-1.3.1-160000.3.2.x86_64 [..done]
(19/91) Installing: libtsan2-15.2.0+git10201-160000.1.1.x86_64 [..done]
(20/91) Installing: libubsan1-15.2.0+git10201-160000.1.1.x86_64 [..done]
(21/91) Installing: libvulkan1-1.4.309-160000.2.2.x86_64 [..done]
(22/91) Installing: libwayland-client0-1.24.0-160000.1.2.x86_64 [..done]
(23/91) Installing: libwayland-server0-1.24.0-160000.1.2.x86_64 [..done]
(24/91) Installing: libxcrypt-devel-4.4.38-160000.3.2.x86_64 [..done]
(25/91) Installing: libxshmfence1-1.3.2-160000.3.2.x86_64 [..done]
(26/91) Installing: libz-ng-compat1-2.2.4-bp160.1.2.x86_64 [..done]
(27/91) Installing: linux-glibc-devel-6.12-160000.2.2.x86_64 [....done]
(28/91) Installing: m4-1.4.18-160000.2.2.x86_64 [..done]
(29/91) Installing: make-4.4.1-160000.3.2.x86_64 [..done]
(30/91) Installing: system-user-wwwrun-20170617-160000.2.2.noarch [..
/usr/bin/systemd-sysusers --replace=/usr/lib/sysusers.d/system-user-wwwrun.conf -
Creating group 'www' with GID 475.
Creating group 'wwwrun' with GID 474.
Creating user 'wwwrun' (WWW daemon apache) with UID 474 and GID 474.
done]
(31/91) Installing: unzip-6.00-160000.2.2.x86_64 [..
update-alternatives: using /usr/bin/unzip-plain to provide /usr/bin/unzip (unzip) in auto mode
update-alternatives: using /usr/bin/funzip-plain to provide /usr/bin/funzip (funzip) in auto mode
update-alternatives: using /usr/bin/unzipsfx-plain to provide /usr/bin/unzipsfx (unzipsfx) in auto mode
update-alternatives: using /usr/bin/zipgrep-plain to provide /usr/bin/zipgrep (zipgrep) in auto mode
done]
(32/91) Installing: libX11-xcb1-1.8.10-160000.3.1.x86_64 [..done]
(33/91) Installing: libxcb1-1.17.0-160000.2.2.x86_64 [..done]
(34/91) Installing: libgbm1-24.3.3-160000.2.2.x86_64 [..done]
(35/91) Installing: libdrm_radeon1-2.4.124-160000.3.2.x86_64 [..done]
(36/91) Installing: libdrm_amdgpu1-2.4.124-160000.3.2.x86_64 [..done]
(37/91) Installing: libfl-devel-2.6.4-160000.2.2.x86_64 [..done]
(38/91) Installing: libgdbm_compat4-1.24-160000.2.2.x86_64 [..done]
(39/91) Installing: zlib-ng-compat-devel-2.2.4-bp160.1.2.x86_64 [..done]
(40/91) Installing: libzip5-1.11.3-160000.2.2.x86_64 [..done]
(41/91) Installing: libzio1-1.09-160000.2.2.x86_64 [..done]
(42/91) Installing: libpciaccess0-0.18.1-160000.3.2.x86_64 [..done]
(43/91) Installing: libctf-nobfd0-2.45-160000.1.1.x86_64 [..done]
(44/91) Installing: libLLVM19-19.1.7-160000.2.2.x86_64 [...........done]
(45/91) Installing: cpp15-15.2.0+git10201-160000.1.1.x86_64 [......done]
(46/91) Installing: glibc-devel-2.40-160000.3.1.x86_64 [...done]
(47/91) Installing: bison-3.8.2-160000.2.2.x86_64 [..done]
(48/91) Installing: php8-cli-8.4.16-160000.1.1.x86_64 [...done]
(49/91) Installing: php8-8.4.16-160000.1.1.x86_64 [..done]
(50/91) Installing: php8-dom-8.4.16-160000.1.1.x86_64 [..done]
(51/91) Installing: libxcb-xfixes0-1.17.0-160000.2.2.x86_64 [..done]
(52/91) Installing: libxcb-sync1-1.17.0-160000.2.2.x86_64 [..done]
(53/91) Installing: libxcb-shm0-1.17.0-160000.2.2.x86_64 [..done]
(54/91) Installing: libxcb-randr0-1.17.0-160000.2.2.x86_64 [..done]
(55/91) Installing: libxcb-present0-1.17.0-160000.2.2.x86_64 [..done]
(56/91) Installing: libxcb-glx0-1.17.0-160000.2.2.x86_64 [..done]
(57/91) Installing: libxcb-dri3-0-1.17.0-160000.2.2.x86_64 [..done]
(58/91) Installing: libX11-6-1.8.10-160000.3.1.x86_64 [..done]
(59/91) Installing: flex-2.6.4-160000.2.2.x86_64 [..done]
(60/91) Installing: perl-5.42.0-160000.2.2.x86_64 [.............done]
(61/91) Installing: libopenssl-3-devel-3.5.0-160000.6.1.x86_64 [..done]
(62/91) Installing: info-7.1-160000.2.2.x86_64 [..done]
(63/91) Installing: libdrm_intel1-2.4.124-160000.3.2.x86_64 [..done]
(64/91) Installing: libctf0-2.45-160000.1.1.x86_64 [..done]
(65/91) Installing: binutils-2.45-160000.1.1.x86_64 [..........
update-alternatives: using /usr/bin/ld.bfd to provide /usr/bin/ld (ld) in auto mode
done]
(66/91) Installing: cpp-15-160000.2.2.x86_64 [..done]
(67/91) Installing: libzstd-devel-1.5.7-160000.2.2.x86_64 [..done]
(68/91) Installing: libstdc++6-devel-gcc15-15.2.0+git10201-160000.1.1.x86_64 [........done]
(69/91) Installing: php8-openssl-8.4.16-160000.1.1.x86_64 [..done]
(70/91) Installing: libXext6-1.3.6-160000.3.2.x86_64 [..done]
(71/91) Installing: libopenssl-devel-3.5.0-160000.2.2.noarch [..done]
(72/91) Installing: autoconf-2.72-160000.2.2.noarch [..done]
(73/91) Installing: gcc15-15.2.0+git10201-160000.1.1.x86_64 [..............done]
(74/91) Installing: libelf-devel-0.192-160000.2.2.x86_64 [..done]
(75/91) Installing: php8-xmlreader-8.4.16-160000.1.1.x86_64 [..done]
(76/91) Installing: libXxf86vm1-1.1.6-160000.3.2.x86_64 [..done]
(77/91) Installing: gcc15-c++-15.2.0+git10201-160000.1.1.x86_64 [......done]
(78/91) Installing: gcc-15-160000.2.2.x86_64 [..done]
(79/91) Installing: php8-xmlwriter-8.4.16-160000.1.1.x86_64 [..done]
(80/91) Installing: Mesa-24.3.3-160000.2.2.x86_64 [..done]
(81/91) Installing: Mesa-dri-24.3.3-160000.2.2.x86_64 [.....done]
(82/91) Installing: libglvnd-1.7.0-160000.3.2.x86_64 [..done]
(83/91) Installing: Mesa-libEGL1-24.3.3-160000.2.2.x86_64 [..done]
(84/91) Installing: gcc-c++-15-160000.2.2.x86_64 [..done]
(85/91) Installing: php8-zlib-8.4.16-160000.1.1.x86_64 [..done]
(86/91) Installing: php8-zip-8.4.16-160000.1.1.x86_64 [..done]
(87/91) Installing: php8-pcntl-8.4.16-160000.1.1.x86_64 [..done]
(88/91) Installing: php8-bz2-8.4.16-160000.1.1.x86_64 [..done]
(89/91) Installing: Mesa-libGL1-24.3.3-160000.2.2.x86_64 [..done]
(90/91) Installing: Mesa-gallium-24.3.3-160000.2.2.x86_64 [........done]
(91/91) Installing: Mesa-demo-x-9.0.0-160000.2.2.x86_64 [..done]
Running post-transaction scripts [....done]
Adding repository 'benchmark' [.....done]
Repository 'benchmark' successfully added

URI         : https://download.opensuse.org/repositories/benchmark/16.0/
Enabled     : Yes
GPG Check   : Yes
Autorefresh : Yes
Priority    : 90 (raised priority)

Repository priorities in effect: (See 'zypper lr -P' for details)
      90 (raised priority)  :  1 repository
      99 (default priority) :  2 repositories
Retrieving repository 'benchmark' metadata [...
Looking for gpg keys in repository benchmark.
  gpgkey=https://download.opensuse.org/repositories/benchmark/16.0/repodata/repomd.xml.key
...

Automatically importing the following key:

  Repository:       benchmark
  Key Fingerprint:  9A0B D11A 4D78 F677 9094 A89A 24CF 43F2 9F1A EE68
  Key Name:         benchmark OBS Project <benchmark@build.opensuse.org>
  Key Algorithm:    DSA 1024
  Key Created:      Thu 27 Feb 2025 08:57:46 AM UTC
  Key Expires:      Sat 08 May 2027 08:57:46 AM UTC
  Rpm Name:         gpg-pubkey-9f1aee68-67c0290a



    Note: A GPG pubkey is clearly identified by its fingerprint. Do not rely on the key's name. If
    you are not sure whether the presented key is authentic, ask the repository provider or check
    their web site. Many providers maintain a web page showing the fingerprints of the GPG keys they
    are using.
.....done]
Building repository 'benchmark' cache [....done]
Repository 'repo-openh264 (16.0)' is up to date.
Repository 'repo-oss (16.0)' is up to date.
All repositories have been refreshed.
Refreshing service 'openSUSE'.
Loading repository data...
Reading installed packages...
Resolving package dependencies...

The following 16 NEW packages are going to be installed:
  fontconfig libfontconfig1 libgd3 libjbig2 libjpeg8 libsharpyuv0 libtiff6 libwebp7 libXpm4 phoronix-test-suite php8-curl php8-gd php8-posix php8-sockets which xdg-utils

16 new packages to install.

Package download size:     6.0 MiB

Package install size change:
              |      19.6 MiB  required by packages that will be installed
    19.6 MiB  |  -      0 B    released by packages that will be removed

Backend:  classic_rpmtrans
Continue? [y/n/v/...? shows all options] (y): y
Preloading Packages [..
Preloading: fontconfig-2.16.0-160000.2.2.x86_64.rpm [done]
.
Preloading: libsharpyuv0-1.5.0-160000.2.2.x86_64.rpm [done]
.
Preloading: libfontconfig1-2.16.0-160000.2.2.x86_64.rpm [done]
.
Preloading: php8-curl-8.4.16-160000.1.1.x86_64.rpm [done]
.
Preloading: libjbig2-2.1-160000.3.2.x86_64.rpm [done]
.
Preloading: php8-sockets-8.4.16-160000.1.1.x86_64.rpm [done]
.
Preloading: which-2.23-160000.2.2.x86_64.rpm [done]
.
Preloading: libtiff6-4.7.1-160000.1.1.x86_64.rpm [done]
..
Preloading: xdg-utils-1.2.1-160000.2.2.noarch.rpm [done]
.
Preloading: libgd3-2.3.3-160000.2.2.x86_64.rpm [done]
.
Preloading: php8-posix-8.4.16-160000.1.1.x86_64.rpm [done]
.
Preloading: libwebp7-1.5.0-160000.2.2.x86_64.rpm [done]
.
Preloading: php8-gd-8.4.16-160000.1.1.x86_64.rpm [done]
.
Preloading: libXpm4-3.5.17-160000.2.2.x86_64.rpm [done]
.
Preloading: libjpeg8-8.3.2-160000.3.2.x86_64.rpm [done]
.
Preloading: phoronix-test-suite-10.8.4-benchmark.49.1.noarch.rpm [Connection timed out after 60032 milliseconds]
.done]
Installation has completed with error.
WARNING: PTS not available from benchmark repo (rc=4); using upstream tarball.
Installing PTS 10.8.4 from upstream tarball...
./install-sh: line 103: which: command not found

Phoronix Test Suite Installation Completed

Executable File: /usr/bin/phoronix-test-suite
Documentation: /usr/share/doc/phoronix-test-suite/
Phoronix Test Suite Files: /usr/share/phoronix-test-suite/

Phoronix Test Suite installed successfully.
--- Pre-run System Checks ---
INFO: cpufreq interface not available (VM or container); skipping governor check.
INFO: Thermal sensors not available; skipping temperature check.
OK: System load (0.22) is within normal range for 8 CPUs.
OK: CPU steal time is 0.0% (below 5% threshold).
------------------------------
Setting up Phoronix Test Suite in batch mode (RunAllTestCombinations=Y)...


Using ${var} in strings is deprecated, use {$var} instead in /usr/share/phoronix-test-suite/pts-core/commands/check_tests.php:247

Using ${var} in strings is deprecated, use {$var} instead in /usr/share/phoronix-test-suite/pts-core/commands/check_tests.php:249

Using ${var} in strings is deprecated, use {$var} instead in /usr/share/phoronix-test-suite/pts-core/commands/check_tests.php:249

Using ${var} in strings is deprecated, use {$var} instead in /usr/share/phoronix-test-suite/pts-core/commands/check_tests.php:251

Using ${var} in strings is deprecated, use {$var} instead in /usr/share/phoronix-test-suite/pts-core/commands/check_tests.php:251

Using ${var} in strings is deprecated, use {$var} instead in /usr/share/phoronix-test-suite/pts-core/commands/check_tests.php:251
Updated OpenBenchmarking.org Repository Index
pts: 571 Distinct Tests, 2646 Test Versions, 58 Suites
Available Changes From 3 July 2022 To 13 March
New Test:       pts/3dmark               v1.0.0  3DMark Wild Life Extreme                          
New Test:       pts/3dmark-solar-bay     v1.0.0  3DMark Solar Bay Extreme                          
Updated Test:   pts/ai-benchmark         v1.0.2  AI Benchmark Alpha                                
Updated Test:   pts/aircrack-ng          v1.3.0  Aircrack-ng                                       
Updated Test:   pts/aom-av1              v3.12.0 AOM AV1                                           
Updated Test:   pts/apache               v3.0.0  Apache HTTP Server                                
New Test:       pts/apache-iotdb         v1.2.0  Apache IoTDB                                      
Updated Test:   pts/apache-siege         v1.1.0  Apache Siege                                      
Updated Test:   pts/arrayfire            v1.2.1  ArrayFire                                         
Updated Test:   pts/astcenc              v1.6.0  ASTC Encoder                                      
Updated Test:   pts/avifenc              v1.4.1  libavif avifenc                                   
New Test:       pts/axs2mlperf           v1.0.0  axs2mlperf                                        
Updated Test:   pts/basis                v1.2.0  Basis Universal                                   
Updated Test:   pts/batman-knight        v1.0.1  Batman: Arkham Knight                             
Updated Test:   pts/blender              v5.0.0  Blender                                           
Updated Test:   pts/blosc                v1.3.0  C-Blosc                                           
New Test:       pts/breaking-limit       v1.0.1  GPUScore: Breaking Limit                          
Updated Test:   pts/brl-cad              v1.7.1  BRL-CAD                                           
Updated Test:   pts/build-apache         v1.7.0  Timed Apache Compilation                          
Updated Test:   pts/build-eigen          v1.2.0  Timed Eigen Compilation                           
Updated Test:   pts/build-erlang         v1.3.0  Timed Erlang/OTP Compilation                      
Updated Test:   pts/build-ffmpeg         v7.0.0  Timed FFmpeg Compilation                          
Updated Test:   pts/build-gcc            v1.5.0  Timed GCC Compilation                             
Updated Test:   pts/build-gdb            v1.2.0  Timed GDB GNU Debugger Compilation                
Updated Test:   pts/build-gem5           v1.1.0  Timed Gem5 Compilation                            
Updated Test:   pts/build-godot          v4.5.0  Timed Godot Game Engine Compilation               
Updated Test:   pts/build-imagemagick    v1.8.0  Timed ImageMagick Compilation                     
Updated Test:   pts/build-linux-kernel   v1.17.1 Timed Linux Kernel Compilation                    
Updated Test:   pts/build-llvm           v1.6.0  Timed LLVM Compilation                            
Updated Test:   pts/build-mesa           v1.1.0  Timed Mesa Compilation                            
Updated Test:   pts/build-nodejs         v1.5.1  Timed Node.js Compilation                         
Updated Test:   pts/build-php            v1.8.0  Timed PHP Compilation                             
New Test:       pts/build-python         v1.0.0  Timed CPython Compilation                         
Updated Test:   pts/build-wasmer         v1.2.0  Timed Wasmer Compilation                          
Updated Test:   pts/build2               v1.3.0  Build2                                            
Updated Test:   pts/byte                 v1.4.0  BYTE Unix Benchmark                               
Updated Test:   pts/c-ray                v2.0.0  C-Ray                                             
Updated Test:   pts/cachebench           v1.2.0  CacheBench                                        
Updated Test:   pts/cassandra            v1.3.1  Apache Cassandra                                  
Updated Test:   pts/clickhouse           v1.4.0  ClickHouse                                        
Updated Test:   pts/cloudsuite-da        v1.2.0  CloudSuite Data Analytics                         
Updated Test:   pts/cloudsuite-ga        v1.1.0  CloudSuite Graph Analytics                        
Updated Test:   pts/cloudsuite-ma        v1.1.0  CloudSuite In-Memory Analytics                    
Updated Test:   pts/cloudsuite-ms        v1.0.1  CloudSuite Media Streaming                        
Updated Test:   pts/cloudsuite-ws        v1.1.0  CloudSuite Web Serving                            
Updated Test:   pts/cloverleaf           v1.3.0  CloverLeaf                                        
Updated Test:   pts/clpeak               v1.1.0  clpeak                                            
New Test:       pts/cockroach            v1.1.0  CockroachDB                                       
Updated Test:   pts/compress-7zip        v1.12.0 7-Zip Compression                                 
Updated Test:   pts/compress-lz4         v1.10.0 LZ4 Compression                                   
Updated Test:   pts/compress-pbzip2      v1.6.1  Parallel BZIP2 Compression                        
Updated Test:   pts/compress-zstd        v1.6.0  Zstd Compression                                  
Updated Test:   pts/couchdb              v1.5.0  Apache CouchDB                                    
Updated Test:   pts/cp2k                 v1.5.0  CP2K Molecular Dynamics                           
Updated Test:   pts/cpuminer-opt         v1.8.0  Cpuminer-Opt                                      
Updated Test:   pts/cryptopp             v1.1.0  Crypto++                                          
New Test:       pts/cs2                  v1.1.0  Counter-Strike 2                                  
Updated Test:   pts/csgo                 v1.7.2  Counter-Strike: Global Offensive                  
New Test:       pts/cyberpunk2077        v1.0.1  Cyberpunk 2077                                    
Updated Test:   pts/dacapobench          v1.1.0  DaCapo Benchmark                                  
Updated Test:   pts/daphne               v1.1.0  Darmstadt Automotive Parallel Heterogeneous Suite 
Updated Test:   pts/dav1d                v1.16.0 dav1d                                             
Updated Test:   pts/ddnet                v1.4.1  DDraceNetwork                                     
New Test:       pts/deeprec              v1.0.2  DeepRec                                           
New Test:       pts/deepsparse           v1.7.0  Neural Magic DeepSparse                           
New Test:       pts/dolfinx              v1.0.0  FEniCS Dolfinx                                    
Updated Test:   pts/draco                v1.6.1  Google Draco                                      
New Test:       pts/dragonflydb          v1.1.0  Dragonflydb                                       
New Test:       pts/duckdb               v1.2.0  DuckDB                                            
New Test:       pts/easywave             v1.0.0  easyWave                                          
Updated Test:   pts/embree               v1.7.0  Embree                                            
Updated Test:   pts/encode-flac          v1.9.0  FLAC Audio Encoding                               
Updated Test:   pts/encode-opus          v1.5.0  Opus Codec Encoding                               
Updated Test:   pts/encode-wavpack       v1.5.0  WavPack Audio Encoding                            
New Test:       pts/encodec              v1.0.1  EnCodec                                           
New Test:       pts/epoch                v1.0.0  Epoch                                             
Updated Test:   pts/espeak               v1.7.0  eSpeak-NG Speech Engine                           
New Test:       pts/etcd                 v1.0.0  etcd                                              
Updated Test:   pts/etcpak               v2.0.0  Etcpak                                            
Updated Test:   pts/ethr                 v1.2.1  Ethr                                              
Updated Test:   pts/etlegacy             v1.3.0  ET: Legacy                                        
Updated Test:   pts/f12021               v1.0.1  F1 2021                                           
New Test:       pts/f122                 v1.0.3  F1 22                                             
New Test:       pts/faiss                v1.0.1  Faiss                                             
Updated Test:   pts/ffmpeg               v7.0.2  FFmpeg                                            
Updated Test:   pts/fio                  v2.2.0  Flexible IO Tester                                
New Test:       pts/fluidx3d             v1.5.0  FluidX3D                                          
New Test:       pts/furmark              v1.0.0  FurMark                                           
Updated Test:   pts/gcrypt               v1.2.0  Gcrypt Library                                    
Updated Test:   pts/geekbench            v6.5.0  Geekbench                                         
Updated Test:   pts/glibc-bench          v1.9.0  Glibc Benchmarks                                  
Updated Test:   pts/glmark2              v1.4.0  GLmark2                                           
Updated Test:   pts/gpaw                 v1.3.0  GPAW                                              
New Test:       pts/gpuowl               v1.1.0  GpuOwl                                            
Updated Test:   pts/graph500             v1.0.2  Graph500                                          
Updated Test:   pts/graphics-magick      v2.2.0  GraphicsMagick                                    
Updated Test:   pts/gravitymark          v1.10.0 GravityMark                                       
Updated Test:   pts/gromacs              v1.11.0 GROMACS                                           
New Test:       pts/gta5                 v1.0.0  Grand Theft Auto V                                
New Test:       pts/hadoop               v1.0.0  Apache Hadoop                                     
Updated Test:   pts/hammerdb-mariadb     v1.1.0  HammerDB - MariaDB                                
Updated Test:   pts/hammerdb-postgresql  v1.1.1  HammerDB - PostgreSQL                             
Updated Test:   pts/hashcat              v1.3.1  Hashcat                                           
Updated Test:   pts/hbase                v1.1.0  Apache HBase                                      
New Test:       pts/heffte               v1.1.0  HeFFTe - Highly Efficient FFT for Exascale        
Updated Test:   pts/hitman               v1.0.2  HITMAN                                            
Updated Test:   pts/hitman3              v1.0.1  HITMAN 3                                          
Updated Test:   pts/hmmer                v1.4.0  HMMer Search                                      
Updated Test:   pts/hpcg                 v1.3.0  High Performance Conjugate Gradient               
New Test:       pts/iggy                 v1.0.0  Apache Iggy                                       
Updated Test:   pts/incompact3d          v2.1.0  Xcompact3d Incompact3d                            
Updated Test:   pts/influxdb             v1.0.2  InfluxDB                                          
Updated Test:   pts/intel-mlc            v1.2.0  Intel Memory Latency Checker                      
New Test:       pts/intel-tensorflow     v1.0.0  Intel TensorFlow                                  
Updated Test:   pts/iperf                v1.2.0  iPerf                                             
Updated Test:   pts/java-scimark2        v1.2.0  Java SciMark                                      
Updated Test:   pts/john-the-ripper      v1.9.0  John The Ripper                                   
Updated Test:   pts/jpegxl               v1.6.0  JPEG-XL libjxl                                    
Updated Test:   pts/jpegxl-decode        v1.6.0  JPEG-XL Decoding libjxl                           
Updated Test:   pts/keydb                v1.4.0  KeyDB                                             
Updated Test:   pts/kripke               v1.2.1  Kripke                                            
Updated Test:   pts/kvazaar              v1.2.0  Kvazaar                                           
Updated Test:   pts/l4d2                 v1.0.1  Left 4 Dead 2                                     
New Test:       pts/laghos               v1.1.0  Laghos                                            
Updated Test:   pts/lammps               v1.5.0  LAMMPS Molecular Dynamics Simulator               
Updated Test:   pts/lczero               v1.9.0  LeelaChessZero                                    
Updated Test:   pts/leveldb              v1.1.1  LevelDB                                           
Updated Test:   pts/libplacebo           v1.2.0  Libplacebo                                        
New Test:       pts/libxsmm              v1.0.1  libxsmm                                           
Updated Test:   pts/liquid-dsp           v1.7.0  Liquid-DSP                                        
New Test:       pts/litert               v1.0.0  LiteRT                                            
New Test:       pts/llama-cpp            v2.4.1  Llama.cpp                                         
New Test:       pts/llamafile            v1.3.0  Llamafile                                         
New Test:       pts/localscore           v1.0.0  LocalScore                                        
Updated Test:   pts/lzbench              v1.2.0  lzbench                                           
New Test:       pts/mariadb              v1.2.0  MariaDB                                           
Updated Test:   pts/mbw                  v1.1.0  MBW                                               
New Test:       pts/memcached            v1.2.0  Memcached                                         
Updated Test:   pts/memtier-benchmark    v1.5.0  Redis 7.0.12 + memtier_benchmark                  
New Test:       pts/minibude             v1.0.0  miniBUDE                                          
Updated Test:   pts/minion               v1.6.0  Minion                                            
Updated Test:   pts/mixbench             v2.0.0  Mixbench                                          
Updated Test:   pts/mnn                  v3.4.0  Mobile Neural Network                             
Updated Test:   pts/mocassin             v1.1.0  Monte Carlo Simulations of Ionised Nebulae        
Updated Test:   pts/mt-dgemm             v1.3.1  ACES DGEMM                                        
Updated Test:   pts/mysqlslap            v1.6.0  MariaDB mariadb-slap                              
Updated Test:   pts/namd                 v1.4.0  NAMD                                              
Updated Test:   pts/namd-cuda            v1.2.0  NAMD CUDA                                         
Updated Test:   pts/natron               v1.1.0  Natron                                            
Updated Test:   pts/ncnn                 v1.6.0  NCNN                                              
Updated Test:   pts/neatbench            v1.1.0  NeatBench                                         
New Test:       pts/nekrs                v1.2.0  nekRS                                             
Updated Test:   pts/nginx                v3.0.1  nginx                                             
Updated Test:   pts/ngspice              v1.1.0  Ngspice                                           
Updated Test:   pts/node-web-tooling     v1.0.1  Node.js V8 Web Tooling Benchmark                  
Updated Test:   pts/numenta-nab          v1.1.1  Numenta Anomaly Benchmark                         
Updated Test:   pts/nwchem               v1.3.0  NWChem                                            
New Test:       pts/ocudu                v1.0.0  OCUDU                                             
Updated Test:   pts/oidn                 v2.4.0  Intel Open Image Denoise                          
New Test:       pts/ollama               v1.0.0  ollama                                            
Updated Test:   pts/onednn               v3.8.0  oneDNN                                            
Updated Test:   pts/onnx                 v1.24.0 ONNX Runtime                                      
New Test:       pts/openapv              v1.0.0  OpenAPV                                           
New Test:       pts/opencl-benchmark     v1.1.0  ProjectPhysX OpenCL-Benchmark                     
Updated Test:   pts/opencv               v1.3.0  OpenCV                                            
New Test:       pts/openems              v1.0.0  OpenEMS                                           
Updated Test:   pts/openfoam             v1.2.0  OpenFOAM                                          
New Test:       pts/openradioss          v1.3.0  OpenRadioss                                       
Updated Test:   pts/openssl              v3.6.0  OpenSSL                                           
Updated Test:   pts/openvino             v1.9.0  OpenVINO                                          
New Test:       pts/openvino-genai       v1.3.0  OpenVINO GenAI                                    
Updated Test:   pts/openvkl              v2.0.0  OpenVKL                                           
Updated Test:   pts/ospray               v3.2.0  OSPRay                                            
Updated Test:   pts/ospray-studio        v1.4.0  OSPRay Studio                                     
New Test:       pts/palabos              v1.0.1  Palabos                                           
Updated Test:   pts/paraview             v1.4.1  ParaView                                          
Updated Test:   pts/perf-bench           v1.1.0  perf-bench                                        
New Test:       pts/petsc                v1.1.0  PETSc                                             
Updated Test:   pts/pgbench              v1.17.0 PostgreSQL                                        
New Test:       pts/pogocache            v1.0.0  Pogocache                                         
Updated Test:   pts/portal2              v1.1.2  Portal 2                                          
Updated Test:   pts/primesieve           v1.12.0 Primesieve                                        
Updated Test:   pts/pyperformance        v1.1.0  PyPerformance                                     
New Test:       pts/pytorch              v1.3.0  PyTorch                                           
Updated Test:   pts/qmcpack              v1.10.0 QMCPACK                                           
New Test:       pts/quadray              v1.0.0  QuadRay                                           
Updated Test:   pts/quake2rtx            v1.8.0  Quake II RTX                                      
Updated Test:   pts/quantlib             v2.2.0  QuantLib                                          
New Test:       pts/quicksilver          v1.0.0  Quicksilver                                       
New Test:       pts/rabbitmq             v1.1.1  RabbitMQ                                          
Updated Test:   pts/rav1e                v1.8.0  rav1e                                             
Updated Test:   pts/redis                v1.5.0  Redis                                             
Updated Test:   pts/relion               v1.2.0  RELION                                            
New Test:       pts/remhos               v1.0.1  Remhos                                            
Updated Test:   pts/renaissance          v1.4.0  Renaissance                                       
Updated Test:   pts/rnnoise              v1.1.0  RNNoise                                           
Updated Test:   pts/rocksdb              v1.7.0  RocksDB                                           
New Test:       pts/rocm-vllm            v1.0.0  vLLM                                              
Updated Test:   pts/rtiv                 v1.2.0  Ray Tracing In Vulkan                             
New Test:       pts/rustls               v1.0.0  Rustls                                            
Updated Test:   pts/schbench             v1.2.0  Schbench                                          
Updated Test:   pts/scikit-learn         v2.0.0  Scikit-Learn                                      
New Test:       pts/scylladb             v1.0.0  ScyllaDB                                          
Updated Test:   pts/simdjson             v2.2.0  simdjson                                          
Updated Test:   pts/smhasher             v1.1.0  SMHasher                                          
New Test:       pts/spacy                v1.1.0  spaCy                                             
New Test:       pts/spark                v1.0.1  Apache Spark                                      
New Test:       pts/spark-tpcds          v1.0.0  Apache Spark TPC-DS                               
New Test:       pts/spark-tpch           v1.0.0  Apache Spark TPC-H                                
Updated Test:   pts/spec-jbb2015         v1.1.0  SPECjbb 2015                                      
New Test:       pts/specfem3d            v1.1.1  SPECFEM3D                                         
New Test:       pts/speedb               v1.1.0  Speedb                                            
Updated Test:   pts/sqlite               v2.3.0  SQLite                                            
Updated Test:   pts/srsran               v2.5.0  srsRAN Project                                    
New Test:       pts/star-swarm           v1.0.0  Star Swarm Stress Test                            
Updated Test:   pts/stargate             v1.1.0  Stargate Digital Audio Workstation                
Updated Test:   pts/stockfish            v1.7.0  Stockfish                                         
Updated Test:   pts/strange-brigade      v1.0.1  Strange Brigade                                   
Updated Test:   pts/stream               v1.3.4  Stream                                            
Updated Test:   pts/stress-ng            v1.13.0 Stress-NG                                         
New Test:       pts/su2                  v1.0.1  SU2                                               
Updated Test:   pts/supertuxkart         v1.8.1  SuperTuxKart                                      
Updated Test:   pts/svt-av1              v2.17.0 SVT-AV1                                           
New Test:       pts/svt-jpeg-xs          v1.0.0  SVT-JPEG-XS                                       
Updated Test:   pts/tensorflow           v2.3.0  TensorFlow                                        
Updated Test:   pts/tf2                  v1.2.4  Team Fortress 2                                   
New Test:       pts/tidb                 v1.0.3  TiDB Community Server                             
New Test:       pts/tigerbeetle          v1.0.0  TigerBeetle                                       
Updated Test:   pts/ttsiod-renderer      v1.8.0  TTSIOD 3D Renderer                                
Updated Test:   pts/tww3                 v1.0.1  Total War: WARHAMMER III                          
Updated Test:   pts/unigine-heaven       v1.6.6  Unigine Heaven                                    
Updated Test:   pts/unigine-super        v1.0.8  Unigine Superposition                             
Updated Test:   pts/unigine-valley       v1.1.9  Unigine Valley                                    
Updated Test:   pts/unpack-linux         v1.2.0  Unpacking The Linux Kernel                        
Updated Test:   pts/unvanquished         v1.10.0 Unvanquished                                      
New Test:       pts/uvg266               v1.1.0  uvg266                                            
Updated Test:   pts/v-ray                v1.5.0  Chaos Group V-RAY                                 
New Test:       pts/valkey               v1.1.0  Valkey                                            
Updated Test:   pts/vkfft                v1.3.0  VkFFT                                             
Updated Test:   pts/vkmark               v1.3.2  VKMark                                            
Updated Test:   pts/vkpeak               v1.3.0  vkpeak                                            
Updated Test:   pts/vkresample           v1.0.2  VkResample                                        
New Test:       pts/vllm                 v1.0.1  vLLM                                              
New Test:       pts/vllm-cpu             v1.0.0  vLLM CPU                                          
Updated Test:   pts/vpxenc               v3.2.0  VP9 libvpx Encoding                               
New Test:       pts/vvenc                v1.14.0 VVenC                                             
Updated Test:   pts/waifu2x-ncnn         v1.1.0  Waifu2x-NCNN Vulkan                               
New Test:       pts/warpx                v1.1.0  WarpX                                             
Updated Test:   pts/webp                 v1.4.0  WebP Image Encode                                 
Updated Test:   pts/webp2                v1.2.1  WebP2 Image Encode                                
New Test:       pts/whisper-cpp          v1.1.0  Whisper.cpp                                       
New Test:       pts/whisperfile          v1.0.0  Whisperfile                                       
New Test:       pts/will-it-scale        v1.0.0  will-it-scale                                     
Updated Test:   pts/wrf                  v1.1.0  WRF                                               
Updated Test:   pts/x265                 v1.5.0  x265                                              
Updated Test:   pts/xmrig                v1.3.0  Xmrig                                             
New Test:       pts/xnnpack              v1.1.0  XNNPACK                                           
Updated Test:   pts/xonotic              v1.7.0  Xonotic                                           
New Test:       pts/xplane12             v1.0.1  X-Plane                                           
Updated Test:   pts/y-cruncher           v1.5.0  Y-Cruncher                                        
New Test:       pts/yugabytedb           v1.0.0  YugabyteDB                                        
New Test:       pts/z3                   v1.0.1  Z3 Theorem Prover                                 
New Test:       pts/zendnn-tensorflow    v1.0.0  AMD ZenDNN TensorFlow                             
New Suite:      pts/avx512               v1.0.0  AVX-512 Capable Tests                             
Updated Suite:  pts/compilation          v1.2.8  Timed Code Compilation                            
Updated Suite:  pts/cryptography         v1.2.7  Cryptography                                      
Updated Suite:  pts/database             v1.3.15 Database Test Suite                               
Updated Suite:  pts/desktop-graphics     v1.3.1  Desktop Graphics                                  
Updated Suite:  pts/electronic-design    v1.0.1  Electronic Design                                 
Updated Suite:  pts/hpc                  v1.1.13 HPC - High Performance Computing                  
Updated Suite:  pts/imaging              v1.0.10 Imaging                                           
Updated Suite:  pts/java                 v1.1.2  Java                                              
Updated Suite:  pts/kernel               v1.2.4  Common Kernel Benchmarks                          
New Suite:      pts/llm                  v1.0.3  GenAI / Large Language Models                     
Updated Suite:  pts/machine-learning     v1.3.15 Machine Learning                                  
Updated Suite:  pts/molecular-dynamics   v1.1.3  Molecular Dynamics                                
Updated Suite:  pts/opencl               v1.1.2  OpenCL Capable Benchmarks                         
Updated Suite:  pts/raytracing           v1.0.3  Raytracing                                        
Updated Suite:  pts/renderers            v1.0.6  Renderers                                         
Updated Suite:  pts/scientific-computing v1.0.4  Scientific Computing                              
Updated Suite:  pts/server               v1.4.2  Server                                            
Updated Suite:  pts/steam                v1.0.10 Steam                                             
New Suite:      pts/synthetics           v1.0.0  Synthetic Benchmarks                              
Updated Suite:  pts/video-encoding       v1.3.7  Video Encoding                                    
Updated OpenBenchmarking.org Repository Index
system: 50 Distinct Tests, 152 Test Versions
Available Changes From 3 July 2022 To 13 March
Updated Test:  system/blender         v1.2.2  Blender                 
New Test:      system/cephfs-rados    v1.0.1  CephFS RADOS Benchmark  
New Test:      system/compress-7zip   v1.0.0  7-Zip Compression       
New Test:      system/cp2k            v1.0.0  CP2K Molecular Dynamics 
New Test:      system/graphics-magick v1.0.0  GraphicsMagick          
New Test:      system/gromacs         v1.0.0  GROMACS                 
New Test:      system/hashcat         v1.0.0  Hashcat                 
Updated Test:  system/inkscape        v1.0.1  Inkscape                
Updated Test:  system/openssl         v1.2.1  OpenSSL                 
New Test:      system/povray          v1.0.0  POV-Ray                 
Updated Test:  system/selenium        v1.0.46 Selenium                
New Test:      system/stockfish       v1.0.0  Stockfish               
New Test:      system/x265            v1.0.0  x265                    
Updated OpenBenchmarking.org Repository Index
git: 9 Distinct Tests, 12 Test Versions
Available Changes From 3 July 2022 To 13 March
New Test:  git/clickhouse v1.0.0 ClickHouse 

These are the default configuration options for when running the Phoronix Test Suite in a batch mode (i.e. running phoronix-test-suite batch-benchmark universe). Running in a batch mode is designed to be as autonomous as possible, except for where you'd like any end-user interaction.

    Save test results when in batch mode (Y/n):     Open the web browser automatically when in batch mode (y/N):     Auto upload the results to OpenBenchmarking.org (Y/n):     Prompt for test identifier (Y/n):     Prompt for test description (Y/n):     Prompt for saved results file-name (Y/n):     Run all test options (Y/n): 
Batch settings saved.


Installing test: pts/build-linux-kernel


    [8192] strpos(): Passing null to parameter #1 ($haystack) of type string is deprecated in phodevi_linux_parser:475
    Evaluating External Test Dependencies ..................................
    Evaluating System Dependencies .........................................

Phoronix Test Suite v10.8.4

    To Install:    pts/build-linux-kernel-1.17.1

    Determining File Requirements ..........................................
    Searching Download Caches ..............................................

    1 Test To Install
        1 File To Download [145MB]
        982MB Of Disk Space Is Needed
        2 Seconds Estimated Install Time

    pts/build-linux-kernel-1.17.1:
        Test Installation 1 of 1
        1 File Needed [145 MB]
        Downloading: linux-6.15.tar.xz                               [145MB]
        Downloading ........................................................
        Approximate Install Size: 982 MB
        Estimated Install Time: 2 Seconds
        Installing Test @ 19:11:42


Installing test: pts/compress-7zip

    Evaluating External Test Dependencies ..................................

The following dependencies are needed and will be installed: 

- p7zip-full

This process may take several minutes.
Please enter your root password below:
Package 'p7zip-full' not found.
Refreshing service 'openSUSE'.
Loading repository data...
Reading installed packages...

Phoronix Test Suite v10.8.4

    To Install:    pts/compress-7zip-1.12.0

    Determining File Requirements ..........................................
    Searching Download Caches ..............................................

    1 Test To Install
        1 File To Download [1.46MB]
        16MB Of Disk Space Is Needed
        26 Seconds Estimated Install Time

    pts/compress-7zip-1.12.0:
        Test Installation 1 of 1
        1 File Needed [1.46 MB / 1 Minute]
        Downloading: 7z2500-src.tar.xz                              [1.46MB]
        Estimated Download Time: 1m ........................................
        Approximate Install Size: 16 MB
        Estimated Install Time: 26 Seconds
        Installing Test @ 19:11:50


Installing test: pts/c-ray

    Evaluating External Test Dependencies ..................................

Phoronix Test Suite v10.8.4

    To Install:    pts/c-ray-2.0.0

    Determining File Requirements ..........................................
    Searching Download Caches ..............................................

    1 Test To Install
        1 File To Download [0.04MB]
        6MB Of Disk Space Is Needed
        4 Seconds Estimated Install Time

    pts/c-ray-2.0.0:
        Test Installation 1 of 1
        1 File Needed [0.04 MB / 1 Minute]
        Downloading: c-ray-2.0.tar.gz                               [0.04MB]
        Estimated Download Time: 1m ........................................
        Approximate Install Size: 6.0 MB
        Estimated Install Time: 4 Seconds
        Installing Test @ 19:12:20


Installing test: pts/openssl

    Evaluating External Test Dependencies ..................................

Phoronix Test Suite v10.8.4

    To Install:    pts/openssl-3.6.0

    Determining File Requirements ..........................................
    Searching Download Caches ..............................................

    1 Test To Install
        1 File To Download [52.43MB]
        430MB Of Disk Space Is Needed
        2 Minutes, 52 Seconds Estimated Install Time

    pts/openssl-3.6.0:
        Test Installation 1 of 1
        1 File Needed [52.43 MB / 1 Minute]
        Downloading: openssl-3.6.0.tar.gz                          [52.43MB]
        Estimated Download Time: 1m ........................................
        Approximate Install Size: 430 MB
        Estimated Install Time: 2 Minutes, 52 Seconds
        Installing Test @ 19:12:28


Installing test: pts/stockfish

    Evaluating External Test Dependencies ..................................

Phoronix Test Suite v10.8.4

    To Install:    pts/stockfish-1.7.0

    Determining File Requirements ..........................................
    Searching Download Caches ..............................................

    1 Test To Install
        1 File To Download [0.21MB]
        12MB Of Disk Space Is Needed
        1 Minute, 4 Seconds Estimated Install Time

    pts/stockfish-1.7.0:
        Test Installation 1 of 1
        1 File Needed [0.21 MB / 1 Minute]
        Downloading: Stockfish-sf_17.1.tar.gz                       [0.21MB]
        Estimated Download Time: 1m ........................................
        Approximate Install Size: 12 MB
        Estimated Install Time: 1 Minute, 4 Seconds
        Installing Test @ 19:14:45


--- Detecting CPU Resources ---
Sockets:          1
Cores per socket: 8
Threads per core: 1
Total threads:    8
--------------------------------
Runs per test: 3
Results will be uploaded with the following details:
  Name: cpu-E5-2680v2-opensuse.16.0
  Identifier: cpu-E5-2680v2-opensuse.16.0
  Description: openSUSE Leap 16.0 - 8 vCPU E5-2680v2
System snapshot saved to: /home/cloudadmin/cpu-E5-2680v2-opensuse.16.0-system-snapshot.txt

=== Starting CPU Benchmark ===
Test profile: pts/build-linux-kernel
--- Warmup run (result discarded) ---


Phoronix Test Suite v10.8.4
System Information


  PROCESSOR:              Intel Xeon E5-2680 v2
    Core Count:           8                                 
    Extensions:           SSE 4.2 + AVX + RDRAND + FSGSBASE 
    Cache Size:           16 MB                             
    Microcode:            0x42d                             
    Core Family:          Ivy Bridge                        

  GRAPHICS:               

  MOTHERBOARD:            QEMU Standard PC
    BIOS Version:         4.2025.05-2      

  MEMORY:                 1 x 16 GB RAM QEMU

  DISK:                   32GB QEMU HDD
    File-System:          xfs                                                               
    Mount Options:        attr2 inode64 logbsize=32k logbufs=8 noquota relatime rw seclabel 
    Disk Scheduler:       NONE                                                              
    Disk Details:         Block Size: 4096                                                  

  OPERATING SYSTEM:       openSUSE Leap 16.0
    Kernel:               6.12.0-160000.5-default (x86_64)                                                                                                            
    Compiler:             GCC 15.2.0                                                                                                                                  
    System Layer:         KVM                                                                                                                                         
    Security:             SELinux                                                                                                                                     
                          + gather_data_sampling: Not affected                                                                                                        
                          + indirect_target_selection: Not affected                                                                                                   
                          + itlb_multihit: Not affected                                                                                                               
                          + l1tf: Mitigation of PTE Inversion                                                                                                         
                          + mds: Vulnerable: Clear buffers attempted no microcode; SMT Host state unknown                                                             
                          + meltdown: Mitigation of PTI                                                                                                               
                          + mmio_stale_data: Unknown: No mitigations                                                                                                  
                          + reg_file_data_sampling: Not affected                                                                                                      
                          + retbleed: Not affected                                                                                                                    
                          + spec_rstack_overflow: Not affected                                                                                                        
                          + spec_store_bypass: Mitigation of SSB disabled via prctl                                                                                   
                          + spectre_v1: Mitigation of usercopy/swapgs barriers and __user pointer sanitization                                                        
                          + spectre_v2: Mitigation of Retpolines; IBPB: conditional; IBRS_FW; STIBP: disabled; RSB filling; PBRSB-eIBRS: Not affected; BHI: Retpoline 
                          + srbds: Not affected                                                                                                                       
                          + tsa: Not affected                                                                                                                         
                          + tsx_async_abort: Not affected                                                                                                             


Timed Linux Kernel Compilation 6.15:
    pts/build-linux-kernel-1.17.1 [Build: defconfig]
    Test 1 of 2
    Estimated Trial Run Count:    1                      
    Estimated Test Run-Time:      9 Minutes              
    Estimated Time To Completion: 17 Minutes [19:33 UTC] 
        Running Pre-Test Script @ 19:17:26
        Started Run 1 @ 19:17:51
        Running Post-Test Script @ 19:26:42

    Build: defconfig:
        528.546

    Average: 528.546 Seconds
    Samples: 1

Timed Linux Kernel Compilation 6.15:
    pts/build-linux-kernel-1.17.1 [Build: allmodconfig]
    Test 2 of 2
    Estimated Trial Run Count:    1                     
    Estimated Time To Completion: 9 Minutes [19:35 UTC] 
        Running Pre-Test Script @ 19:26:55
        Started Run 1 @ 19:27:17
        Running Post-Test Script @ 21:43:47

    Build: allmodconfig:
        8188.436

    Average: 8188.436 Seconds
    Samples: 1


--- Timed runs (3) ---


Phoronix Test Suite v10.8.4
System Information


  PROCESSOR:              Intel Xeon E5-2680 v2
    Core Count:           8                                 
    Extensions:           SSE 4.2 + AVX + RDRAND + FSGSBASE 
    Cache Size:           16 MB                             
    Microcode:            0x42d                             
    Core Family:          Ivy Bridge                        

  GRAPHICS:               

  MOTHERBOARD:            QEMU Standard PC
    BIOS Version:         4.2025.05-2      

  MEMORY:                 1 x 16 GB RAM QEMU

  DISK:                   32GB QEMU HDD
    File-System:          xfs                                                               
    Mount Options:        attr2 inode64 logbsize=32k logbufs=8 noquota relatime rw seclabel 
    Disk Scheduler:       NONE                                                              
    Disk Details:         Block Size: 4096                                                  

  OPERATING SYSTEM:       openSUSE Leap 16.0
    Kernel:               6.12.0-160000.5-default (x86_64)                                                                                                            
    Compiler:             GCC 15.2.0                                                                                                                                  
    System Layer:         KVM                                                                                                                                         
    Security:             SELinux                                                                                                                                     
                          + gather_data_sampling: Not affected                                                                                                        
                          + indirect_target_selection: Not affected                                                                                                   
                          + itlb_multihit: Not affected                                                                                                               
                          + l1tf: Mitigation of PTE Inversion                                                                                                         
                          + mds: Vulnerable: Clear buffers attempted no microcode; SMT Host state unknown                                                             
                          + meltdown: Mitigation of PTI                                                                                                               
                          + mmio_stale_data: Unknown: No mitigations                                                                                                  
                          + reg_file_data_sampling: Not affected                                                                                                      
                          + retbleed: Not affected                                                                                                                    
                          + spec_rstack_overflow: Not affected                                                                                                        
                          + spec_store_bypass: Mitigation of SSB disabled via prctl                                                                                   
                          + spectre_v1: Mitigation of usercopy/swapgs barriers and __user pointer sanitization                                                        
                          + spectre_v2: Mitigation of Retpolines; IBPB: conditional; IBRS_FW; STIBP: disabled; RSB filling; PBRSB-eIBRS: Not affected; BHI: Retpoline 
                          + srbds: Not affected                                                                                                                       
                          + tsa: Not affected                                                                                                                         
                          + tsx_async_abort: Not affected                                                                                                             


Timed Linux Kernel Compilation 6.15:
    pts/build-linux-kernel-1.17.1 [Build: defconfig]
    Test 1 of 2
    Estimated Trial Run Count:    3                                      
    Estimated Test Run-Time:      27 Minutes                             
    Estimated Time To Completion: 7 Hours, 16 Minutes [04:59 UTC Mar 14] 
        Running Pre-Test Script @ 21:44:07
        Started Run 1 @ 21:44:39
        Running Interim Test Script @ 21:53:46
        Started Run 2 @ 21:53:55
        Running Interim Test Script @ 22:03:17
        Started Run 3 @ 22:03:27
        Running Post-Test Script @ 22:12:42

    Build: defconfig:
        545.317
        559.806
        553.318

    Average: 552.814 Seconds
    Deviation: 1.31%

Timed Linux Kernel Compilation 6.15:
    pts/build-linux-kernel-1.17.1 [Build: allmodconfig]
    Test 2 of 2
    Estimated Trial Run Count:    3                                      
    Estimated Time To Completion: 6 Hours, 50 Minutes [05:02 UTC Mar 14] 
        Running Pre-Test Script @ 22:12:55
        Started Run 1 @ 22:13:24
        Running Interim Test Script @ 00:32:07
        Started Run 2 @ 00:32:23
        Running Interim Test Script @ 02:34:38
        Started Run 3 @ 02:34:53
        Running Post-Test Script @ 04:26:03

    Build: allmodconfig:
        8320.807
        7333.073
        6667.747

    Average: 7440.542 Seconds
    Deviation: 11.18%



=== Starting CPU Benchmark ===
Test profile: pts/compress-7zip
--- Warmup run (result discarded) ---


Phoronix Test Suite v10.8.4
System Information


  PROCESSOR:              Intel Xeon E5-2680 v2
    Core Count:           8                                 
    Extensions:           SSE 4.2 + AVX + RDRAND + FSGSBASE 
    Cache Size:           16 MB                             
    Microcode:            0x42d                             
    Core Family:          Ivy Bridge                        

  GRAPHICS:               

  MOTHERBOARD:            QEMU Standard PC
    BIOS Version:         4.2025.05-2      

  MEMORY:                 1 x 16 GB RAM QEMU

  DISK:                   32GB QEMU HDD
    File-System:          xfs                                                               
    Mount Options:        attr2 inode64 logbsize=32k logbufs=8 noquota relatime rw seclabel 
    Disk Scheduler:       NONE                                                              
    Disk Details:         Block Size: 4096                                                  

  OPERATING SYSTEM:       openSUSE Leap 16.0
    Kernel:               6.12.0-160000.5-default (x86_64)                                                                                                            
    Compiler:             GCC 15.2.0                                                                                                                                  
    System Layer:         KVM                                                                                                                                         
    Security:             SELinux                                                                                                                                     
                          + gather_data_sampling: Not affected                                                                                                        
                          + indirect_target_selection: Not affected                                                                                                   
                          + itlb_multihit: Not affected                                                                                                               
                          + l1tf: Mitigation of PTE Inversion                                                                                                         
                          + mds: Vulnerable: Clear buffers attempted no microcode; SMT Host state unknown                                                             
                          + meltdown: Mitigation of PTI                                                                                                               
                          + mmio_stale_data: Unknown: No mitigations                                                                                                  
                          + reg_file_data_sampling: Not affected                                                                                                      
                          + retbleed: Not affected                                                                                                                    
                          + spec_rstack_overflow: Not affected                                                                                                        
                          + spec_store_bypass: Mitigation of SSB disabled via prctl                                                                                   
                          + spectre_v1: Mitigation of usercopy/swapgs barriers and __user pointer sanitization                                                        
                          + spectre_v2: Mitigation of Retpolines; IBPB: conditional; IBRS_FW; STIBP: disabled; RSB filling; PBRSB-eIBRS: Not affected; BHI: Retpoline 
                          + srbds: Not affected                                                                                                                       
                          + tsa: Not affected                                                                                                                         
                          + tsx_async_abort: Not affected                                                                                                             


7-Zip Compression 25.00:
    pts/compress-7zip-1.12.0
    Test 1 of 1
    Estimated Trial Run Count:    1                     
    Estimated Time To Completion: 2 Minutes [04:27 UTC] 
        Started Run 1 @ 04:26:19

    Test: Compression Rating:
        29893

    Average: 29893 MIPS
    Samples: 1


    Test: Decompression Rating:
        23908

    Average: 23908 MIPS
    Samples: 1


--- Timed runs (3) ---


Phoronix Test Suite v10.8.4
System Information


  PROCESSOR:              Intel Xeon E5-2680 v2
    Core Count:           8                                 
    Extensions:           SSE 4.2 + AVX + RDRAND + FSGSBASE 
    Cache Size:           16 MB                             
    Microcode:            0x42d                             
    Core Family:          Ivy Bridge                        

  GRAPHICS:               

  MOTHERBOARD:            QEMU Standard PC
    BIOS Version:         4.2025.05-2      

  MEMORY:                 1 x 16 GB RAM QEMU

  DISK:                   32GB QEMU HDD
    File-System:          xfs                                                               
    Mount Options:        attr2 inode64 logbsize=32k logbufs=8 noquota relatime rw seclabel 
    Disk Scheduler:       NONE                                                              
    Disk Details:         Block Size: 4096                                                  

  OPERATING SYSTEM:       openSUSE Leap 16.0
    Kernel:               6.12.0-160000.5-default (x86_64)                                                                                                            
    Compiler:             GCC 15.2.0                                                                                                                                  
    System Layer:         KVM                                                                                                                                         
    Security:             SELinux                                                                                                                                     
                          + gather_data_sampling: Not affected                                                                                                        
                          + indirect_target_selection: Not affected                                                                                                   
                          + itlb_multihit: Not affected                                                                                                               
                          + l1tf: Mitigation of PTE Inversion                                                                                                         
                          + mds: Vulnerable: Clear buffers attempted no microcode; SMT Host state unknown                                                             
                          + meltdown: Mitigation of PTI                                                                                                               
                          + mmio_stale_data: Unknown: No mitigations                                                                                                  
                          + reg_file_data_sampling: Not affected                                                                                                      
                          + retbleed: Not affected                                                                                                                    
                          + spec_rstack_overflow: Not affected                                                                                                        
                          + spec_store_bypass: Mitigation of SSB disabled via prctl                                                                                   
                          + spectre_v1: Mitigation of usercopy/swapgs barriers and __user pointer sanitization                                                        
                          + spectre_v2: Mitigation of Retpolines; IBPB: conditional; IBRS_FW; STIBP: disabled; RSB filling; PBRSB-eIBRS: Not affected; BHI: Retpoline 
                          + srbds: Not affected                                                                                                                       
                          + tsa: Not affected                                                                                                                         
                          + tsx_async_abort: Not affected                                                                                                             


7-Zip Compression 25.00:
    pts/compress-7zip-1.12.0
    Test 1 of 1
    Estimated Trial Run Count:    3                     
    Estimated Time To Completion: 2 Minutes [04:28 UTC] 
        Started Run 1 @ 04:27:03
        Started Run 2 @ 04:27:43
        Started Run 3 @ 04:28:22

    Test: Compression Rating:
        29435
        30976
        30182

    Average: 30198 MIPS
    Deviation: 2.55%


    Test: Decompression Rating:
        23941
        24288
        23752

    Average: 23994 MIPS
    Deviation: 1.13%



=== Starting CPU Benchmark ===
Test profile: pts/c-ray
--- Warmup run (result discarded) ---


Phoronix Test Suite v10.8.4
System Information


  PROCESSOR:              Intel Xeon E5-2680 v2
    Core Count:           8                                 
    Extensions:           SSE 4.2 + AVX + RDRAND + FSGSBASE 
    Cache Size:           16 MB                             
    Microcode:            0x42d                             
    Core Family:          Ivy Bridge                        

  GRAPHICS:               

  MOTHERBOARD:            QEMU Standard PC
    BIOS Version:         4.2025.05-2      

  MEMORY:                 1 x 16 GB RAM QEMU

  DISK:                   32GB QEMU HDD
    File-System:          xfs                                                               
    Mount Options:        attr2 inode64 logbsize=32k logbufs=8 noquota relatime rw seclabel 
    Disk Scheduler:       NONE                                                              
    Disk Details:         Block Size: 4096                                                  

  OPERATING SYSTEM:       openSUSE Leap 16.0
    Kernel:               6.12.0-160000.5-default (x86_64)                                                                                                            
    Compiler:             GCC 15.2.0                                                                                                                                  
    System Layer:         KVM                                                                                                                                         
    Security:             SELinux                                                                                                                                     
                          + gather_data_sampling: Not affected                                                                                                        
                          + indirect_target_selection: Not affected                                                                                                   
                          + itlb_multihit: Not affected                                                                                                               
                          + l1tf: Mitigation of PTE Inversion                                                                                                         
                          + mds: Vulnerable: Clear buffers attempted no microcode; SMT Host state unknown                                                             
                          + meltdown: Mitigation of PTI                                                                                                               
                          + mmio_stale_data: Unknown: No mitigations                                                                                                  
                          + reg_file_data_sampling: Not affected                                                                                                      
                          + retbleed: Not affected                                                                                                                    
                          + spec_rstack_overflow: Not affected                                                                                                        
                          + spec_store_bypass: Mitigation of SSB disabled via prctl                                                                                   
                          + spectre_v1: Mitigation of usercopy/swapgs barriers and __user pointer sanitization                                                        
                          + spectre_v2: Mitigation of Retpolines; IBPB: conditional; IBRS_FW; STIBP: disabled; RSB filling; PBRSB-eIBRS: Not affected; BHI: Retpoline 
                          + srbds: Not affected                                                                                                                       
                          + tsa: Not affected                                                                                                                         
                          + tsx_async_abort: Not affected                                                                                                             


C-Ray 2.0:
    pts/c-ray-2.0.0 [Resolution: 4K - Rays Per Pixel: 16]
    Test 1 of 3
    Estimated Trial Run Count:    1                      
    Estimated Test Run-Time:      4 Minutes              
    Estimated Time To Completion: 11 Minutes [04:39 UTC] 
        Started Run 1 @ 04:29:05

    Resolution: 4K - Rays Per Pixel: 16:
        749.547

    Average: 749.547 Seconds
    Samples: 1

C-Ray 2.0:
    pts/c-ray-2.0.0 [Resolution: 5K - Rays Per Pixel: 16]
    Test 2 of 3
    Estimated Trial Run Count:    1                      
    Estimated Test Run-Time:      13 Minutes             
    Estimated Time To Completion: 26 Minutes [05:06 UTC] 
        Started Run 1 @ 04:41:47

    Resolution: 5K - Rays Per Pixel: 16:
        1368.488

    Average: 1368.488 Seconds
    Samples: 1

C-Ray 2.0:
    pts/c-ray-2.0.0 [Resolution: 1080p - Rays Per Pixel: 16]
    Test 3 of 3
    Estimated Trial Run Count:    1                      
    Estimated Time To Completion: 18 Minutes [05:22 UTC] 
        Started Run 1 @ 05:04:49

    Resolution: 1080p - Rays Per Pixel: 16:
        192.996

    Average: 192.996 Seconds
    Samples: 1


--- Timed runs (3) ---


Phoronix Test Suite v10.8.4
System Information


  PROCESSOR:              Intel Xeon E5-2680 v2
    Core Count:           8                                 
    Extensions:           SSE 4.2 + AVX + RDRAND + FSGSBASE 
    Cache Size:           16 MB                             
    Microcode:            0x42d                             
    Core Family:          Ivy Bridge                        

  GRAPHICS:               

  MOTHERBOARD:            QEMU Standard PC
    BIOS Version:         4.2025.05-2      

  MEMORY:                 1 x 16 GB RAM QEMU

  DISK:                   32GB QEMU HDD
    File-System:          xfs                                                               
    Mount Options:        attr2 inode64 logbsize=32k logbufs=8 noquota relatime rw seclabel 
    Disk Scheduler:       NONE                                                              
    Disk Details:         Block Size: 4096                                                  

  OPERATING SYSTEM:       openSUSE Leap 16.0
    Kernel:               6.12.0-160000.5-default (x86_64)                                                                                                            
    Compiler:             GCC 15.2.0                                                                                                                                  
    System Layer:         KVM                                                                                                                                         
    Security:             SELinux                                                                                                                                     
                          + gather_data_sampling: Not affected                                                                                                        
                          + indirect_target_selection: Not affected                                                                                                   
                          + itlb_multihit: Not affected                                                                                                               
                          + l1tf: Mitigation of PTE Inversion                                                                                                         
                          + mds: Vulnerable: Clear buffers attempted no microcode; SMT Host state unknown                                                             
                          + meltdown: Mitigation of PTI                                                                                                               
                          + mmio_stale_data: Unknown: No mitigations                                                                                                  
                          + reg_file_data_sampling: Not affected                                                                                                      
                          + retbleed: Not affected                                                                                                                    
                          + spec_rstack_overflow: Not affected                                                                                                        
                          + spec_store_bypass: Mitigation of SSB disabled via prctl                                                                                   
                          + spectre_v1: Mitigation of usercopy/swapgs barriers and __user pointer sanitization                                                        
                          + spectre_v2: Mitigation of Retpolines; IBPB: conditional; IBRS_FW; STIBP: disabled; RSB filling; PBRSB-eIBRS: Not affected; BHI: Retpoline 
                          + srbds: Not affected                                                                                                                       
                          + tsa: Not affected                                                                                                                         
                          + tsx_async_abort: Not affected                                                                                                             


C-Ray 2.0:
    pts/c-ray-2.0.0 [Resolution: 4K - Rays Per Pixel: 16]
    Test 1 of 3
    Estimated Trial Run Count:    3                              
    Estimated Test Run-Time:      38 Minutes                     
    Estimated Time To Completion: 1 Hour, 56 Minutes [07:03 UTC] 
        Started Run 1 @ 05:08:09
        Started Run 2 @ 05:20:16
        Started Run 3 @ 05:32:14

    Resolution: 4K - Rays Per Pixel: 16:
        720.962
        713.087
        696.418

    Average: 710.156 Seconds
    Deviation: 1.76%

C-Ray 2.0:
    pts/c-ray-2.0.0 [Resolution: 5K - Rays Per Pixel: 16]
    Test 2 of 3
    Estimated Trial Run Count:    3                              
    Estimated Test Run-Time:      1 Hour, 9 Minutes              
    Estimated Time To Completion: 1 Hour, 19 Minutes [07:02 UTC] 
        Started Run 1 @ 05:44:03
        Started Run 2 @ 06:04:44
        Started Run 3 @ 06:25:27

    Resolution: 5K - Rays Per Pixel: 16:
        1235.458
        1236.45
        1240.571

    Average: 1237.493 Seconds
    Deviation: 0.22%

C-Ray 2.0:
    pts/c-ray-2.0.0 [Resolution: 1080p - Rays Per Pixel: 16]
    Test 3 of 3
    Estimated Trial Run Count:    3                      
    Estimated Time To Completion: 10 Minutes [06:56 UTC] 
        Started Run 1 @ 06:46:21
        Started Run 2 @ 06:49:19
        Started Run 3 @ 06:52:16

    Resolution: 1080p - Rays Per Pixel: 16:
        174.081
        172.636
        176.855

    Average: 174.524 Seconds
    Deviation: 1.23%



=== Starting CPU Benchmark ===
Test profile: pts/openssl
--- Warmup run (result discarded) ---


Phoronix Test Suite v10.8.4
System Information


  PROCESSOR:              Intel Xeon E5-2680 v2
    Core Count:           8                                 
    Extensions:           SSE 4.2 + AVX + RDRAND + FSGSBASE 
    Cache Size:           16 MB                             
    Microcode:            0x42d                             
    Core Family:          Ivy Bridge                        

  GRAPHICS:               

  MOTHERBOARD:            QEMU Standard PC
    BIOS Version:         4.2025.05-2      

  MEMORY:                 1 x 16 GB RAM QEMU

  DISK:                   32GB QEMU HDD
    File-System:          xfs                                                               
    Mount Options:        attr2 inode64 logbsize=32k logbufs=8 noquota relatime rw seclabel 
    Disk Scheduler:       NONE                                                              
    Disk Details:         Block Size: 4096                                                  

  OPERATING SYSTEM:       openSUSE Leap 16.0
    Kernel:               6.12.0-160000.5-default (x86_64)                                                                                                            
    Compiler:             GCC 15.2.0                                                                                                                                  
    System Layer:         KVM                                                                                                                                         
    Security:             SELinux                                                                                                                                     
                          + gather_data_sampling: Not affected                                                                                                        
                          + indirect_target_selection: Not affected                                                                                                   
                          + itlb_multihit: Not affected                                                                                                               
                          + l1tf: Mitigation of PTE Inversion                                                                                                         
                          + mds: Vulnerable: Clear buffers attempted no microcode; SMT Host state unknown                                                             
                          + meltdown: Mitigation of PTI                                                                                                               
                          + mmio_stale_data: Unknown: No mitigations                                                                                                  
                          + reg_file_data_sampling: Not affected                                                                                                      
                          + retbleed: Not affected                                                                                                                    
                          + spec_rstack_overflow: Not affected                                                                                                        
                          + spec_store_bypass: Mitigation of SSB disabled via prctl                                                                                   
                          + spectre_v1: Mitigation of usercopy/swapgs barriers and __user pointer sanitization                                                        
                          + spectre_v2: Mitigation of Retpolines; IBPB: conditional; IBRS_FW; STIBP: disabled; RSB filling; PBRSB-eIBRS: Not affected; BHI: Retpoline 
                          + srbds: Not affected                                                                                                                       
                          + tsa: Not affected                                                                                                                         
                          + tsx_async_abort: Not affected                                                                                                             


OpenSSL 3.6:
    pts/openssl-3.6.0 [Algorithm: SHA256]
    Test 1 of 7
    Estimated Trial Run Count:    1                      
    Estimated Test Run-Time:      2 Minutes              
    Estimated Time To Completion: 13 Minutes [07:08 UTC] 
        Started Run 1 @ 06:55:20

    Algorithm: SHA256:
        1612389150

    Average: 1612389150 byte/s
    Samples: 1

OpenSSL 3.6:
    pts/openssl-3.6.0 [Algorithm: SHA512]
    Test 2 of 7
    Estimated Trial Run Count:    1                      
    Estimated Test Run-Time:      4 Minutes              
    Estimated Time To Completion: 19 Minutes [07:16 UTC] 
        Started Run 1 @ 06:58:31

    Algorithm: SHA512:
        1802794930

    Average: 1802794930 byte/s
    Samples: 1

OpenSSL 3.6:
    pts/openssl-3.6.0 [Algorithm: RSA4096]
    Test 3 of 7
    Estimated Trial Run Count:    1                      
    Estimated Test Run-Time:      4 Minutes              
    Estimated Time To Completion: 16 Minutes [07:16 UTC] 
        Started Run 1 @ 07:01:42

    Algorithm: RSA4096:
        942.6

    Average: 942.6 sign/s
    Samples: 1


    Algorithm: RSA4096:
        61643.3

    Average: 61643.3 verify/s
    Samples: 1

OpenSSL 3.6:
    pts/openssl-3.6.0 [Algorithm: ChaCha20]
    Test 4 of 7
    Estimated Trial Run Count:    1                      
    Estimated Test Run-Time:      4 Minutes              
    Estimated Time To Completion: 15 Minutes [07:21 UTC] 
        Started Run 1 @ 07:06:57

    Algorithm: ChaCha20:
        10140575610

    Average: 10140575610 byte/s
    Samples: 1

OpenSSL 3.6:
    pts/openssl-3.6.0 [Algorithm: AES-128-GCM]
    Test 5 of 7
    Estimated Trial Run Count:    1                      
    Estimated Test Run-Time:      4 Minutes              
    Estimated Time To Completion: 11 Minutes [07:20 UTC] 
        Started Run 1 @ 07:10:08

    Algorithm: AES-128-GCM:
        8968502200

    Average: 8968502200 byte/s
    Samples: 1

OpenSSL 3.6:
    pts/openssl-3.6.0 [Algorithm: AES-256-GCM]
    Test 6 of 7
    Estimated Trial Run Count:    1                     
    Estimated Test Run-Time:      4 Minutes             
    Estimated Time To Completion: 7 Minutes [07:20 UTC] 
        Started Run 1 @ 07:13:19

    Algorithm: AES-256-GCM:
        8061772870

    Average: 8061772870 byte/s
    Samples: 1

OpenSSL 3.6:
    pts/openssl-3.6.0 [Algorithm: ChaCha20-Poly1305]
    Test 7 of 7
    Estimated Trial Run Count:    1                     
    Estimated Time To Completion: 4 Minutes [07:19 UTC] 
        Started Run 1 @ 07:16:29

    Algorithm: ChaCha20-Poly1305:
        6868632920

    Average: 6868632920 byte/s
    Samples: 1


--- Timed runs (3) ---


Phoronix Test Suite v10.8.4
System Information


  PROCESSOR:              Intel Xeon E5-2680 v2
    Core Count:           8                                 
    Extensions:           SSE 4.2 + AVX + RDRAND + FSGSBASE 
    Cache Size:           16 MB                             
    Microcode:            0x42d                             
    Core Family:          Ivy Bridge                        

  GRAPHICS:               

  MOTHERBOARD:            QEMU Standard PC
    BIOS Version:         4.2025.05-2      

  MEMORY:                 1 x 16 GB RAM QEMU

  DISK:                   32GB QEMU HDD
    File-System:          xfs                                                               
    Mount Options:        attr2 inode64 logbsize=32k logbufs=8 noquota relatime rw seclabel 
    Disk Scheduler:       NONE                                                              
    Disk Details:         Block Size: 4096                                                  

  OPERATING SYSTEM:       openSUSE Leap 16.0
    Kernel:               6.12.0-160000.5-default (x86_64)                                                                                                            
    Compiler:             GCC 15.2.0                                                                                                                                  
    System Layer:         KVM                                                                                                                                         
    Security:             SELinux                                                                                                                                     
                          + gather_data_sampling: Not affected                                                                                                        
                          + indirect_target_selection: Not affected                                                                                                   
                          + itlb_multihit: Not affected                                                                                                               
                          + l1tf: Mitigation of PTE Inversion                                                                                                         
                          + mds: Vulnerable: Clear buffers attempted no microcode; SMT Host state unknown                                                             
                          + meltdown: Mitigation of PTI                                                                                                               
                          + mmio_stale_data: Unknown: No mitigations                                                                                                  
                          + reg_file_data_sampling: Not affected                                                                                                      
                          + retbleed: Not affected                                                                                                                    
                          + spec_rstack_overflow: Not affected                                                                                                        
                          + spec_store_bypass: Mitigation of SSB disabled via prctl                                                                                   
                          + spectre_v1: Mitigation of usercopy/swapgs barriers and __user pointer sanitization                                                        
                          + spectre_v2: Mitigation of Retpolines; IBPB: conditional; IBRS_FW; STIBP: disabled; RSB filling; PBRSB-eIBRS: Not affected; BHI: Retpoline 
                          + srbds: Not affected                                                                                                                       
                          + tsa: Not affected                                                                                                                         
                          + tsx_async_abort: Not affected                                                                                                             


OpenSSL 3.6:
    pts/openssl-3.6.0 [Algorithm: SHA256]
    Test 1 of 7
    Estimated Trial Run Count:    3                              
    Estimated Test Run-Time:      10 Minutes                     
    Estimated Time To Completion: 1 Hour, 10 Minutes [08:29 UTC] 
        Started Run 1 @ 07:19:36
        Started Run 2 @ 07:22:41
        Started Run 3 @ 07:25:45

    Algorithm: SHA256:
        1611950710
        1590785690
        1589491500

    Average: 1597409300 byte/s
    Deviation: 0.79%

OpenSSL 3.6:
    pts/openssl-3.6.0 [Algorithm: SHA512]
    Test 2 of 7
    Estimated Trial Run Count:    3                            
    Estimated Test Run-Time:      10 Minutes                   
    Estimated Time To Completion: 1 Hour, 1 Minute [08:29 UTC] 
        Started Run 1 @ 07:28:56
        Started Run 2 @ 07:32:00
        Started Run 3 @ 07:35:04

    Algorithm: SHA512:
        1815497610
        1820805300
        1797696000

    Average: 1811332970 byte/s
    Deviation: 0.67%

OpenSSL 3.6:
    pts/openssl-3.6.0 [Algorithm: RSA4096]
    Test 3 of 7
    Estimated Trial Run Count:    3                      
    Estimated Test Run-Time:      16 Minutes             
    Estimated Time To Completion: 52 Minutes [08:29 UTC] 
        Started Run 1 @ 07:38:14
        Started Run 2 @ 07:43:23
        Started Run 3 @ 07:48:30

    Algorithm: RSA4096:
        970.5
        968.5
        974

    Average: 971.0 sign/s
    Deviation: 0.29%


    Algorithm: RSA4096:
        63224.9
        63442.1
        61933

    Average: 62866.7 verify/s
    Deviation: 1.30%

OpenSSL 3.6:
    pts/openssl-3.6.0 [Algorithm: ChaCha20]
    Test 4 of 7
    Estimated Trial Run Count:    3                      
    Estimated Test Run-Time:      10 Minutes             
    Estimated Time To Completion: 37 Minutes [08:29 UTC] 
        Started Run 1 @ 07:53:45
        Started Run 2 @ 07:56:49
        Started Run 3 @ 07:59:53

    Algorithm: ChaCha20:
        10148387770
        10204038680
        9955538260

    Average: 10102654903 byte/s
    Deviation: 1.29%

OpenSSL 3.6:
    pts/openssl-3.6.0 [Algorithm: AES-128-GCM]
    Test 5 of 7
    Estimated Trial Run Count:    3                      
    Estimated Test Run-Time:      10 Minutes             
    Estimated Time To Completion: 28 Minutes [08:30 UTC] 
        Started Run 1 @ 08:03:04
        Started Run 2 @ 08:06:08
        Started Run 3 @ 08:09:12

    Algorithm: AES-128-GCM:
        8864602250
        8915471560
        8862797280

    Average: 8880957030 byte/s
    Deviation: 0.34%

OpenSSL 3.6:
    pts/openssl-3.6.0 [Algorithm: AES-256-GCM]
    Test 6 of 7
    Estimated Trial Run Count:    3                      
    Estimated Test Run-Time:      10 Minutes             
    Estimated Time To Completion: 19 Minutes [08:30 UTC] 
        Started Run 1 @ 08:12:23
        Started Run 2 @ 08:15:27
        Started Run 3 @ 08:18:31

    Algorithm: AES-256-GCM:
        7987887580
        7936893470
        7938602330

    Average: 7954461127 byte/s
    Deviation: 0.36%

OpenSSL 3.6:
    pts/openssl-3.6.0 [Algorithm: ChaCha20-Poly1305]
    Test 7 of 7
    Estimated Trial Run Count:    3                      
    Estimated Time To Completion: 10 Minutes [08:30 UTC] 
        Started Run 1 @ 08:21:42
        Started Run 2 @ 08:24:46
        Started Run 3 @ 08:27:50

    Algorithm: ChaCha20-Poly1305:
        6919964260
        6991719080
        6935336550

    Average: 6949006630 byte/s
    Deviation: 0.54%



=== Starting CPU Benchmark ===
Test profile: pts/stockfish
--- Warmup run (result discarded) ---


Phoronix Test Suite v10.8.4
System Information


  PROCESSOR:              Intel Xeon E5-2680 v2
    Core Count:           8                                 
    Extensions:           SSE 4.2 + AVX + RDRAND + FSGSBASE 
    Cache Size:           16 MB                             
    Microcode:            0x42d                             
    Core Family:          Ivy Bridge                        

  GRAPHICS:               

  MOTHERBOARD:            QEMU Standard PC
    BIOS Version:         4.2025.05-2      

  MEMORY:                 1 x 16 GB RAM QEMU

  DISK:                   32GB QEMU HDD
    File-System:          xfs                                                               
    Mount Options:        attr2 inode64 logbsize=32k logbufs=8 noquota relatime rw seclabel 
    Disk Scheduler:       NONE                                                              
    Disk Details:         Block Size: 4096                                                  

  OPERATING SYSTEM:       openSUSE Leap 16.0
    Kernel:               6.12.0-160000.5-default (x86_64)                                                                                                            
    Compiler:             GCC 15.2.0                                                                                                                                  
    System Layer:         KVM                                                                                                                                         
    Security:             SELinux                                                                                                                                     
                          + gather_data_sampling: Not affected                                                                                                        
                          + indirect_target_selection: Not affected                                                                                                   
                          + itlb_multihit: Not affected                                                                                                               
                          + l1tf: Mitigation of PTE Inversion                                                                                                         
                          + mds: Vulnerable: Clear buffers attempted no microcode; SMT Host state unknown                                                             
                          + meltdown: Mitigation of PTI                                                                                                               
                          + mmio_stale_data: Unknown: No mitigations                                                                                                  
                          + reg_file_data_sampling: Not affected                                                                                                      
                          + retbleed: Not affected                                                                                                                    
                          + spec_rstack_overflow: Not affected                                                                                                        
                          + spec_store_bypass: Mitigation of SSB disabled via prctl                                                                                   
                          + spectre_v1: Mitigation of usercopy/swapgs barriers and __user pointer sanitization                                                        
                          + spectre_v2: Mitigation of Retpolines; IBPB: conditional; IBRS_FW; STIBP: disabled; RSB filling; PBRSB-eIBRS: Not affected; BHI: Retpoline 
                          + srbds: Not affected                                                                                                                       
                          + tsa: Not affected                                                                                                                         
                          + tsx_async_abort: Not affected                                                                                                             


Stockfish 17.1:
    pts/stockfish-1.7.0
    Test 1 of 1
    Estimated Trial Run Count:    1                     
    Estimated Time To Completion: 2 Minutes [08:33 UTC] 
        Started Run 1 @ 08:31:34

    Chess Benchmark:
        3696055

    Average: 3696055 Nodes Per Second
    Samples: 1


--- Timed runs (3) ---


Phoronix Test Suite v10.8.4
System Information


  PROCESSOR:              Intel Xeon E5-2680 v2
    Core Count:           8                                 
    Extensions:           SSE 4.2 + AVX + RDRAND + FSGSBASE 
    Cache Size:           16 MB                             
    Microcode:            0x42d                             
    Core Family:          Ivy Bridge                        

  GRAPHICS:               

  MOTHERBOARD:            QEMU Standard PC
    BIOS Version:         4.2025.05-2      

  MEMORY:                 1 x 16 GB RAM QEMU

  DISK:                   32GB QEMU HDD
    File-System:          xfs                                                               
    Mount Options:        attr2 inode64 logbsize=32k logbufs=8 noquota relatime rw seclabel 
    Disk Scheduler:       NONE                                                              
    Disk Details:         Block Size: 4096                                                  

  OPERATING SYSTEM:       openSUSE Leap 16.0
    Kernel:               6.12.0-160000.5-default (x86_64)                                                                                                            
    Compiler:             GCC 15.2.0                                                                                                                                  
    System Layer:         KVM                                                                                                                                         
    Security:             SELinux                                                                                                                                     
                          + gather_data_sampling: Not affected                                                                                                        
                          + indirect_target_selection: Not affected                                                                                                   
                          + itlb_multihit: Not affected                                                                                                               
                          + l1tf: Mitigation of PTE Inversion                                                                                                         
                          + mds: Vulnerable: Clear buffers attempted no microcode; SMT Host state unknown                                                             
                          + meltdown: Mitigation of PTI                                                                                                               
                          + mmio_stale_data: Unknown: No mitigations                                                                                                  
                          + reg_file_data_sampling: Not affected                                                                                                      
                          + retbleed: Not affected                                                                                                                    
                          + spec_rstack_overflow: Not affected                                                                                                        
                          + spec_store_bypass: Mitigation of SSB disabled via prctl                                                                                   
                          + spectre_v1: Mitigation of usercopy/swapgs barriers and __user pointer sanitization                                                        
                          + spectre_v2: Mitigation of Retpolines; IBPB: conditional; IBRS_FW; STIBP: disabled; RSB filling; PBRSB-eIBRS: Not affected; BHI: Retpoline 
                          + srbds: Not affected                                                                                                                       
                          + tsa: Not affected                                                                                                                         
                          + tsx_async_abort: Not affected                                                                                                             


Stockfish 17.1:
    pts/stockfish-1.7.0
    Test 1 of 1
    Estimated Trial Run Count:    3                     
    Estimated Time To Completion: 8 Minutes [08:43 UTC] 
        Started Run 1 @ 08:35:52
        Started Run 2 @ 08:38:32
        Started Run 3 @ 08:41:11

    Chess Benchmark:
        3855995
        3778217
        3803436

    Average: 3812549 Nodes Per Second
    Deviation: 1.04%


--- Collecting results to /home/cloudadmin/benchmark-results/cpu-E5-2680v2-opensuse.16.0 ---
  Copied snapshot: cpu-E5-2680v2-opensuse.16.0-system-snapshot.txt
  WARNING: PTS result directory not found for cpu-E5-2680v2-opensuse.16.0
Results collected: 0 PTS result(s) + snapshot -> /home/cloudadmin/benchmark-results/cpu-E5-2680v2-opensuse.16.0
  Owner: cloudadmin:cloudadmin
--- Uploading results to OpenBenchmarking.org ---
Uploading: cpu-E5-2680v2-opensuse.16.0


    [8192] Passing E_USER_ERROR to trigger_error() is deprecated since 8.4, throw an exception or call exit with a string message instead in pts_client:1303

    [PROBLEM] Invalid Argument: cpu-E5-2680v2-opensuse.16.0 

CORRECT SYNTAX:
phoronix-test-suite upload-result [Test Result]


Recently Saved Test Results:
   cpu-e5-2680v2-opensuse160          [Today]
   warmup-cpu-e5-2680v2-opensuse160   [Today]


Possible Suggestions:
- cpu-e5-2680v2-opensuse160  [Test Result] 

All uploads complete.

=== Result Files ===
  /home/cloudadmin/benchmark-results/cpu-E5-2680v2-opensuse.16.0/cpu-E5-2680v2-opensuse.16.0-system-snapshot.txt

=== Benchmark Complete ===
